Age,DailyRate,HourlyRate,JobInvolvement,Joblevel,JobSatisfaction,MonthlyRate,PerformanceRating,TotalWorkingYears,TrainingTimesLastYear,YearsAtCompany,YearsInCurrentRole,YearsSinceLastPromotion,YearsWithCurrManager
41,1102,94,3,2,4,5993,11,0,8,1,6,4,0
49,279,61,2,2,2,5130,23,1,10,3,10,7,1
37,1373,92,2,1,3,2090,15,0,7,3,0,0,0
33,1392,56,3,1,3,2909,11,0,8,3,8,7,3
27,591,40,3,1,2,3468,12,1,6,3,2,2,2
32,1005,79,3,1,4,3068,13,0,8,2,7,7,3
59,1324,81,4,1,1,2670,20,3,12,2,1,0,0
30,1358,67,3,1,3,2693,22,1,1,3,1,0,0
38,216,44,2,3,3,9526,21,0,10,3,9,7,1
36,1299,94,3,2,3,5237,13,2,17,2,7,7,7
35,809,84,4,1,2,2426,13,1,6,3,5,4,0
29,153,49,2,2,3,4193,12,0,10,3,9,5,0
31,670,31,3,1,3,2911,17,1,5,2,5,2,4
34,1346,93,3,1,4,2661,11,1,3,3,2,2,1
28,103,50,2,1,3,2028,14,0,6,3,4,2,0
29,1389,51,4,3,1,9980,11,1,10,3,10,9,8
32,334,80,4,1,2,3298,12,2,7,2,6,2,0
22,1123,96,4,1,4,2935,13,2,1,2,1,0,0
53,1219,78,2,4,4,15427,16,0,31,3,25,8,3
38,371,45,3,1,4,3944,11,0,6,3,3,2,1
24,673,96,4,2,3,4011,18,1,5,2,4,2,1
36,1218,82,2,1,1,3407,23,0,10,3,5,3,0
34,419,53,3,3,2,11994,11,0,13,3,12,6,2
21,391,96,3,1,4,1232,14,0,0,3,0,0,0
34,699,83,3,1,1,2960,11,0,8,3,4,2,1
53,1282,58,3,5,3,19094,11,1,26,2,14,13,4
32,1125,72,1,1,1,3919,22,0,10,3,10,2,6
42,691,48,3,2,2,6825,11,1,10,3,9,7,4
44,477,42,2,3,4,10248,14,1,24,3,22,6,5
46,705,83,3,5,1,18947,12,0,22,2,2,2,2
33,924,78,3,1,4,2496,11,0,7,3,1,1,0
44,1459,41,3,2,4,6465,13,0,9,4,4,2,1
30,125,83,2,1,3,2206,13,0,10,3,10,0,1
39,895,56,3,2,4,2086,14,1,19,4,1,0,0
24,813,61,3,1,4,2293,16,1,6,2,2,0,2
43,1273,72,4,1,3,2645,12,2,6,2,5,3,1
50,869,86,2,1,3,2683,14,0,3,3,3,2,0
35,890,97,3,1,4,2014,13,0,2,3,2,2,2
36,852,82,2,1,1,3419,14,1,6,4,1,1,0
33,1141,42,4,2,1,5376,19,2,10,3,5,3,1
35,464,75,3,1,4,1951,12,1,1,3,1,0,0
27,1240,33,3,1,1,2341,13,1,1,3,1,0,0
26,1357,48,1,1,3,2293,12,0,1,2,1,0,0
27,994,37,3,3,3,8726,15,0,9,3,9,8,1
30,721,58,3,2,4,4011,23,0,12,3,12,8,3
41,1360,49,3,5,3,19545,12,0,23,3,22,15,15
34,1065,72,3,2,3,4568,20,0,10,3,9,5,8
37,408,73,3,1,2,3022,21,0,8,3,1,0,0
46,1211,98,3,2,4,5772,21,0,14,3,9,6,0
35,1229,36,4,1,4,2269,19,0,1,3,1,0,0
48,626,98,2,3,3,5381,13,0,23,3,1,0,0
28,1434,50,3,1,3,3441,13,0,2,2,2,2,2
44,1488,75,3,2,1,5454,21,1,9,2,4,3,1
35,1097,79,2,3,1,9884,13,1,10,3,4,0,2
26,1443,47,2,2,4,4157,19,1,5,2,2,2,0
33,515,98,3,3,4,13458,12,0,15,3,15,14,8
35,853,71,3,3,1,9069,22,1,9,2,9,8,1
35,1142,30,3,1,1,4014,15,1,4,3,2,2,2
31,655,48,3,2,4,5915,22,1,10,2,7,7,1
37,1115,51,2,2,3,5993,18,1,7,4,7,5,0
32,427,33,3,2,4,6162,22,1,9,3,9,8,7
38,653,50,3,2,4,2406,11,0,10,3,10,3,9
50,989,43,2,5,3,18740,12,1,29,2,27,3,13
59,1435,99,3,3,1,7637,11,0,28,2,21,16,7
36,1223,59,3,3,3,10096,13,3,17,3,17,14,12
55,836,33,3,4,3,14756,14,3,21,3,5,0,0
36,1195,95,2,2,2,6499,13,0,6,3,6,5,0
45,1339,59,3,3,1,9724,17,1,25,3,1,0,0
35,664,79,3,1,1,2194,13,1,5,2,3,2,1
36,318,79,2,1,3,3388,17,1,2,2,1,0,0
59,1225,57,2,2,3,5473,11,0,20,2,4,3,1
29,1328,76,3,1,2,2703,23,1,6,3,5,4,0
31,1082,87,3,1,2,2501,17,0,1,3,1,1,1
32,548,66,3,2,2,6220,17,2,10,3,10,4,0
36,132,55,4,1,4,3038,12,0,5,3,1,0,0
31,746,61,3,2,4,4424,23,0,11,3,11,7,1
35,776,32,2,2,1,4312,14,0,16,3,15,13,2
45,193,52,3,3,1,13245,14,0,17,4,0,0,0
37,397,30,3,3,3,13664,13,0,16,4,5,2,0
46,945,80,3,2,2,5021,22,1,16,3,4,2,0
30,852,55,2,2,4,5126,12,2,10,2,10,8,3
35,1214,30,2,1,3,2859,18,0,6,3,6,4,0
55,111,70,3,3,4,10239,14,1,24,3,1,0,1
38,573,79,1,2,4,5329,12,3,17,3,13,11,1
34,1153,94,3,2,2,4325,15,0,5,3,5,2,1
56,1400,49,1,3,4,7260,11,0,37,2,6,4,0
23,541,62,3,1,1,2322,13,1,3,3,0,0,0
51,432,96,3,1,4,2075,23,2,10,3,4,2,0
30,288,99,2,2,4,4152,19,3,11,3,11,10,10
46,669,64,2,3,4,9619,16,0,9,3,9,8,4
40,530,78,2,4,2,13503,22,1,22,2,22,3,11
51,632,71,3,2,4,5441,22,0,11,1,10,7,1
30,1334,63,2,2,2,5209,12,3,11,2,11,8,2
46,638,40,2,3,1,10673,13,1,21,2,10,9,9
32,1093,87,3,2,3,5010,16,0,12,3,11,8,5
54,1217,60,3,3,3,13549,12,1,16,1,4,3,0
24,1353,33,3,2,3,4999,21,1,4,2,3,2,0
28,120,43,3,2,3,4221,15,0,5,4,5,4,0
58,682,37,3,4,3,13872,13,0,38,2,37,10,1
44,489,67,3,2,2,2042,12,1,17,4,3,2,1
37,807,63,3,1,1,2073,22,0,7,3,3,2,0
32,827,71,3,1,1,2956,13,0,1,3,1,0,0
20,871,66,2,1,4,2926,18,0,1,3,1,0,1
34,665,41,3,2,3,4809,14,0,16,3,16,13,2
37,1040,100,2,2,4,5163,14,1,17,4,1,0,0
59,1420,32,2,5,4,18844,21,1,30,3,3,2,2
50,1115,73,3,5,2,18172,19,0,28,2,8,3,0
25,240,46,2,2,3,5744,11,0,6,3,6,4,0
25,1280,64,2,1,4,2889,11,2,2,3,2,2,2
22,534,59,3,1,4,2871,15,0,1,3,0,0,0
51,1456,30,2,3,1,7484,20,0,23,2,13,12,12
34,658,66,1,2,3,6074,24,0,9,3,9,7,0
54,142,30,4,4,4,17328,12,0,23,3,5,3,4
24,1127,52,3,1,3,2774,12,1,6,3,5,3,1
34,1031,45,2,2,2,4505,15,1,12,3,1,0,0
37,1189,87,3,3,4,7428,12,0,12,3,5,3,1
34,1354,45,2,3,1,11631,12,0,14,3,11,10,5
36,1467,92,3,3,4,9738,14,1,10,3,9,7,2
36,922,39,3,1,4,2835,22,1,7,3,1,0,0
43,394,92,3,4,4,16959,12,2,25,4,25,12,4
30,1312,96,1,1,3,2613,25,3,10,2,10,7,0
33,750,95,3,2,2,6146,13,1,8,4,7,7,0
56,441,72,3,1,2,4963,18,3,7,3,5,4,4
51,684,51,3,5,3,19537,13,0,23,3,20,18,15
31,249,76,1,2,3,6172,18,0,12,2,7,7,7
26,841,46,2,1,2,2368,19,0,5,2,5,4,4
58,147,94,3,3,4,10312,12,1,40,2,40,10,15
19,528,50,3,1,3,1675,19,0,0,2,0,0,0
22,594,100,3,1,4,2523,14,1,3,3,2,1,2
49,470,96,3,2,1,6567,14,0,16,2,15,11,5
43,957,72,4,1,3,4739,12,0,18,3,3,2,1
50,809,77,3,3,4,9208,11,0,16,3,2,2,2
31,542,71,1,2,3,4559,11,1,4,3,2,2,2
41,802,96,3,3,3,8189,13,1,12,3,9,7,0
26,1355,61,3,1,3,2942,23,1,8,3,8,7,5
36,216,84,3,2,2,4941,20,2,7,3,3,2,0
51,1150,53,1,3,4,10650,15,0,18,3,4,2,0
39,1329,47,2,2,3,5902,14,1,17,4,15,11,5
25,959,41,2,2,3,8639,18,0,6,3,2,2,2
30,1240,48,3,2,4,6347,19,0,12,1,11,9,4
32,1033,41,3,1,1,4200,22,0,10,4,5,4,0
45,1316,83,3,1,4,3452,13,0,9,2,6,5,0
38,364,32,3,2,3,4317,20,0,19,3,3,2,2
30,438,75,3,1,3,2632,14,0,5,2,5,4,0
32,689,35,1,2,4,4668,17,3,9,4,8,7,0
30,201,84,3,1,1,3204,14,1,8,3,3,2,2
30,1427,35,2,1,4,2720,13,0,6,3,5,3,1
41,857,91,2,4,1,17181,13,1,21,2,7,6,7
41,933,94,3,1,1,2238,21,1,7,3,5,0,1
19,1181,79,3,1,2,1483,14,0,1,3,1,0,0
40,1395,54,3,2,2,5605,11,1,20,3,20,7,2
35,662,94,3,3,2,7295,13,2,10,3,10,8,0
53,1436,34,3,2,3,2306,20,1,13,1,7,7,4
45,194,60,3,2,2,2348,18,1,20,1,17,9,0
32,967,43,3,3,4,8998,14,0,9,3,9,8,3
29,1496,41,3,2,3,4319,13,1,10,3,10,7,0
51,1169,34,2,2,3,6132,17,0,10,3,1,0,0
58,1145,75,2,1,2,3346,20,1,9,2,1,0,0
40,630,67,2,3,4,10855,11,1,15,2,12,11,2
34,303,75,3,1,3,2231,18,1,6,3,4,3,1
22,1256,80,3,1,4,2323,24,2,2,3,2,2,2
27,691,57,3,1,2,2024,18,1,6,1,2,2,2
28,440,42,3,1,4,2713,11,1,5,1,5,2,0
57,334,83,4,3,4,9439,16,1,12,1,5,3,1
27,1450,79,2,1,3,2566,15,1,1,2,1,1,0
50,1452,53,3,5,2,19926,15,0,21,3,5,4,4
41,465,56,3,1,3,2451,12,1,13,3,9,8,1
30,1339,41,3,3,4,9419,12,1,12,3,10,9,7
38,702,59,2,2,4,8686,22,0,12,4,8,3,0
32,120,43,3,1,3,3038,20,0,8,3,5,4,1
27,1157,51,3,1,2,3058,16,1,6,2,5,2,1
19,602,100,1,1,1,2325,21,0,1,4,0,0,0
36,1480,30,3,1,2,2088,12,0,13,2,8,7,7
30,111,66,3,2,1,3072,11,2,12,3,12,9,6
45,1268,30,3,2,1,5006,11,1,9,4,5,4,0
56,713,67,3,1,1,4257,18,1,19,3,2,2,2
33,134,90,3,1,4,2500,14,0,4,4,3,1,0
19,303,47,2,1,4,1102,22,0,1,2,1,0,1
46,526,92,3,3,1,10453,25,3,24,3,24,13,15
38,1380,75,3,1,4,2288,12,0,2,3,2,2,2
31,140,95,3,1,4,3929,23,1,7,3,4,2,0
34,629,95,3,1,2,2311,15,0,9,3,3,2,1
41,1356,70,3,1,2,3140,22,0,4,2,4,3,0
50,328,86,2,1,3,3690,15,1,5,2,3,2,0
53,1084,57,4,2,1,4450,11,2,5,3,4,2,1
33,931,72,3,1,2,2756,13,1,8,3,8,7,1
40,989,46,3,5,3,19033,14,1,21,3,20,8,9
55,692,61,4,5,2,18722,11,0,36,3,24,15,2
34,1069,45,2,2,3,9547,17,0,10,2,10,9,1
51,313,98,3,4,2,13734,18,0,21,3,7,7,1
52,699,65,2,5,3,19999,14,1,34,3,33,18,11
27,894,99,3,1,2,2279,16,0,7,2,7,7,0
35,556,50,2,2,3,5916,13,0,8,3,1,0,0
43,1344,37,4,1,4,2089,14,3,7,4,5,4,2
45,1195,65,2,4,4,16792,23,1,22,3,20,8,11
37,290,65,4,1,1,3564,12,1,8,2,8,7,1
35,138,37,3,2,2,4425,11,0,10,3,6,2,1
42,926,36,3,2,3,5265,16,1,11,3,5,3,0
38,1261,88,3,2,3,6553,14,0,14,3,1,0,0
38,1084,54,3,2,4,6261,18,1,9,1,7,7,1
27,472,60,2,2,1,4298,19,1,6,3,2,2,2
49,1002,92,3,2,4,6804,15,2,7,3,7,7,1
34,878,43,3,1,3,3815,17,1,5,4,5,3,2
40,905,99,3,2,4,2741,15,1,15,4,7,2,3
38,1180,70,3,2,1,6673,19,0,17,3,1,0,0
29,121,35,3,3,4,7639,22,3,10,2,10,4,1
22,1136,60,4,1,2,2328,16,1,4,2,4,2,2
36,635,73,3,1,4,2153,13,0,8,3,8,1,1
40,1151,63,2,2,4,4876,14,1,5,1,3,2,0
46,644,97,3,3,1,9396,16,1,17,3,4,2,0
32,1045,32,1,3,4,10400,11,0,14,2,14,8,9
30,829,88,2,3,3,8474,22,0,12,3,11,8,5
27,1242,90,3,2,3,9981,14,0,7,3,7,7,0
51,1469,81,2,3,2,12490,16,2,16,1,10,9,4
30,1005,88,3,1,1,2657,11,0,8,3,5,2,0
41,896,75,3,3,4,13591,18,0,16,3,1,0,0
30,334,52,2,2,1,6696,15,0,9,2,6,3,0
29,992,85,3,1,3,2058,14,0,7,2,6,2,1
45,1052,57,2,3,4,8865,12,0,23,3,19,7,12
54,1147,52,3,2,1,5940,14,1,16,3,6,2,0
36,1396,62,3,2,2,5914,16,0,16,4,13,11,3
33,147,47,2,1,2,2622,21,0,7,3,3,2,1
37,663,47,3,3,4,12185,14,3,10,3,10,8,0
38,119,76,3,3,3,10609,12,2,17,2,16,10,5
31,979,90,1,2,3,4345,12,1,6,3,5,4,1
59,142,70,2,1,4,2177,17,1,7,3,1,0,0
37,319,41,3,1,4,2793,17,1,13,3,9,8,5
29,1413,42,3,3,4,7918,14,1,11,3,11,10,4
35,944,92,3,3,3,8789,14,0,10,4,10,7,0
29,896,86,2,1,4,2389,13,0,4,2,4,3,0
52,1323,89,2,1,4,3212,15,0,6,2,2,2,2
42,532,58,3,5,4,19232,11,0,22,3,22,17,11
59,818,52,3,1,3,2267,17,0,7,2,2,2,2
50,854,68,3,5,4,19517,11,1,32,2,7,0,0
33,813,58,3,1,4,2436,13,1,8,1,5,4,0
43,1034,80,3,4,4,16064,22,1,22,3,17,13,1
33,465,39,3,1,1,2707,20,0,13,4,9,7,1
52,771,79,2,5,3,19068,18,0,33,4,33,7,15
32,1401,56,3,1,2,3931,11,1,6,3,4,3,1
32,515,62,2,1,3,3730,14,0,4,1,3,2,1
39,1431,96,3,1,3,2232,14,3,7,3,3,2,1
32,976,100,3,2,4,4465,18,0,4,3,3,2,2
41,1411,36,3,2,1,3072,16,2,17,2,1,0,0
40,1300,62,3,2,4,3319,17,2,9,3,9,8,4
45,252,70,4,5,4,19202,11,1,25,3,24,0,1
31,1327,73,3,3,3,13675,12,1,9,3,2,2,2
33,832,63,2,1,4,2911,13,1,2,2,2,2,0
34,470,84,2,2,1,5957,13,1,13,3,11,9,5
37,1017,83,2,1,1,3920,14,1,17,2,3,1,0
45,1199,77,4,2,3,6434,17,1,9,3,3,2,0
37,504,61,3,3,3,10048,11,2,17,3,1,0,0
39,505,64,3,3,3,10938,25,0,20,3,19,6,11
29,665,60,3,1,4,2340,19,0,6,3,6,5,1
42,916,82,4,2,1,6545,13,0,10,3,3,2,0
29,1247,45,3,2,4,6931,14,1,10,3,3,2,0
25,685,62,3,2,3,4898,12,2,5,3,4,2,1
42,269,56,2,1,1,2593,11,1,10,3,9,6,7
40,1416,49,3,5,3,19436,19,1,22,3,21,7,3
51,833,96,3,1,4,2723,11,0,1,2,1,0,0
31,307,71,2,1,2,3479,11,0,6,4,5,4,1
32,1311,100,4,1,2,2794,20,0,5,1,5,1,0
38,1327,39,2,2,4,5249,18,1,13,3,8,7,7
32,128,84,2,2,1,2176,13,0,9,3,6,2,0
46,488,75,1,4,2,16872,12,1,28,2,7,7,7
28,529,79,3,1,3,3485,11,0,5,1,0,0,0
29,1210,78,2,2,2,6644,19,2,10,3,0,0,0
31,1463,64,2,2,4,5582,21,1,10,3,9,0,7
25,675,85,4,2,1,4000,12,2,6,3,6,3,1
45,1385,79,3,4,4,13496,14,0,21,3,20,7,4
36,1403,47,3,1,4,3210,11,1,16,3,15,13,10
55,452,81,3,5,1,19045,14,0,37,3,36,10,4
47,666,88,3,3,2,11849,12,1,10,2,10,7,9
28,1158,94,3,1,4,2070,23,1,5,2,5,2,0
37,228,98,3,2,4,6502,14,1,7,4,5,4,0
21,996,100,2,1,3,3230,17,0,3,4,3,2,1
37,728,80,3,3,4,13603,18,2,15,3,5,2,0
35,1315,71,4,3,2,11996,18,1,10,2,7,7,6
38,322,44,4,2,1,5605,24,1,8,3,8,0,7
26,1479,84,3,2,2,6397,20,1,6,1,6,5,1
50,797,96,3,5,2,19144,14,2,28,2,10,4,1
53,1070,45,3,4,3,17584,16,3,21,2,5,3,1
42,635,99,3,2,3,4907,25,0,20,3,20,16,11
29,442,44,3,2,4,4554,18,0,10,2,10,7,0
55,147,37,3,2,4,5415,19,1,12,3,10,7,0
26,496,60,3,2,1,4741,13,1,5,3,5,3,3
37,1372,42,3,1,4,2115,12,0,17,3,17,12,5
44,920,43,3,1,3,3161,22,1,19,1,1,0,0
38,688,82,3,2,4,5745,14,1,10,3,2,2,1
26,1449,45,3,1,2,2373,13,1,5,3,3,2,0
28,1117,66,3,1,4,3310,21,0,5,3,5,3,0
49,636,35,3,5,1,18665,11,0,22,3,3,2,1
36,506,30,3,2,2,4485,12,0,10,3,8,0,7
31,444,84,3,1,2,2789,11,1,2,2,2,2,2
26,950,48,2,2,4,5828,12,0,8,3,8,7,7
37,889,53,3,1,4,2326,12,3,4,2,4,2,1
42,555,77,3,4,2,13525,14,1,23,4,20,4,4
18,230,54,3,1,3,1420,13,0,0,3,0,0,0
35,1232,96,3,3,2,8020,15,2,12,2,11,9,6
36,566,81,4,1,4,3688,18,2,4,3,1,0,0
51,1302,84,1,2,2,5482,18,1,13,3,4,1,1
41,334,88,3,4,2,16015,19,0,22,3,22,10,0
18,812,69,2,1,3,1200,12,0,0,3,0,0,0
28,1476,68,4,2,1,5661,19,0,9,3,8,3,0
31,218,100,4,2,4,6929,11,1,10,2,8,7,7
39,1132,48,4,3,4,9613,17,3,19,2,18,10,3
36,1105,47,3,2,2,5674,15,1,11,3,9,8,0
32,906,91,2,2,3,5484,14,1,13,2,13,8,4
38,849,81,2,3,2,12061,17,1,19,3,10,8,0
58,390,32,1,2,3,5660,13,1,12,3,5,3,1
31,691,86,3,1,4,4821,12,1,6,3,5,2,0
31,106,62,2,2,1,6410,12,0,9,3,2,2,1
45,1249,97,3,3,1,5210,18,1,24,3,24,9,9
31,192,32,3,1,4,2695,18,1,3,1,2,2,2
33,553,74,3,3,2,11878,11,2,12,3,10,6,8
39,117,99,3,4,1,17068,14,0,21,3,21,9,11
43,185,33,3,1,4,2455,19,0,9,3,8,7,1
49,1091,90,2,4,3,13964,12,0,25,3,7,1,0
52,723,85,2,2,2,4941,15,0,11,2,8,2,7
27,1220,85,3,1,2,2478,12,0,4,2,4,3,1
32,588,65,2,2,2,5228,11,0,13,3,13,12,11
27,1377,74,3,2,3,4478,11,0,5,3,5,4,0
31,691,73,3,2,4,7547,12,3,13,3,7,7,1
32,1018,74,4,2,4,5055,16,0,10,2,7,7,0
28,1157,84,1,1,4,3464,13,0,5,2,3,2,2
30,1275,64,3,2,4,5775,13,2,11,3,10,8,1
31,798,48,2,3,3,8943,24,1,10,3,10,9,8
39,672,54,2,5,4,19272,15,1,21,3,21,9,13
39,1162,41,3,2,3,5238,18,0,12,2,1,0,0
33,508,46,2,2,4,4682,14,0,9,2,7,7,0
47,1482,42,3,5,3,18300,11,1,21,3,3,2,1
43,559,82,2,2,3,5257,11,1,9,4,9,7,0
27,210,73,3,2,2,6349,13,1,6,3,5,4,1
54,928,31,3,2,3,4869,12,0,20,2,4,3,0
43,1001,43,3,3,1,9985,16,1,10,2,1,0,0
45,549,75,3,2,4,3697,14,2,12,3,10,9,9
40,1124,57,1,2,4,7457,22,3,6,2,4,3,0
29,318,77,1,1,1,2119,11,0,7,2,7,7,0
29,738,30,2,1,4,3983,17,0,4,3,3,2,2
30,570,30,2,2,3,6118,13,3,10,3,10,9,1
27,1130,56,3,2,2,6214,18,1,8,3,8,7,0
37,1192,61,3,2,4,6347,16,2,8,2,6,2,0
38,343,92,2,3,4,11510,14,1,12,3,11,10,2
31,1232,39,3,3,4,7143,14,0,11,2,11,9,4
29,144,39,2,2,2,8268,14,2,7,3,7,7,1
35,1296,62,3,3,2,8095,13,0,17,3,16,6,0
23,1309,83,3,1,4,2904,12,2,4,2,4,2,0
41,483,95,2,2,2,6032,15,0,8,3,5,4,1
47,1309,99,3,2,3,2976,19,0,5,3,0,0,0
42,810,44,3,4,4,15992,14,0,16,3,1,0,0
29,746,61,3,2,3,4649,14,1,4,2,4,3,0
42,544,52,3,1,3,2696,11,1,4,3,3,2,1
32,1062,75,3,1,2,2370,13,1,8,3,8,0,0
48,530,91,3,3,3,12504,21,1,15,1,0,0,0
37,1319,51,4,2,1,5974,13,2,13,3,7,7,6
30,641,85,3,2,3,4736,12,1,4,4,2,2,2
26,933,57,3,2,3,5296,17,1,8,3,8,7,7
42,1332,98,2,2,4,6781,23,0,14,3,1,0,0
21,756,99,2,1,2,2174,11,0,3,3,3,2,1
36,845,45,3,2,4,6653,15,0,7,3,1,0,0
36,541,48,2,3,4,9699,11,1,16,3,13,9,1
57,593,88,3,2,3,6755,11,0,15,3,3,2,1
40,1171,46,4,1,3,2213,13,1,10,3,7,7,1
21,895,39,3,1,4,2610,24,0,3,2,3,2,2
33,350,34,3,1,3,2851,13,0,1,3,1,0,0
37,921,98,3,1,1,3452,20,1,17,3,5,4,0
46,1144,30,3,2,3,5258,14,0,7,4,1,0,0
41,143,56,3,2,2,9355,18,0,8,3,8,7,7
50,1046,100,2,3,4,10496,15,0,20,3,4,3,1
40,575,68,2,2,3,6380,12,2,8,3,6,4,1
31,408,42,2,1,2,2657,16,0,3,3,2,2,2
21,156,90,4,1,2,2716,15,0,1,3,1,0,0
29,1283,54,3,1,4,2201,16,0,6,3,3,2,1
35,755,97,2,2,2,6540,19,0,10,3,1,1,0
27,1469,82,3,1,2,3816,11,1,5,3,5,2,0
28,304,92,3,2,4,5253,16,0,7,3,7,5,0
49,1261,31,2,3,3,10965,24,0,26,3,5,2,0
51,1178,87,3,2,4,4936,11,1,18,2,7,7,0
36,329,96,3,1,3,2543,13,1,6,3,2,2,2
34,1362,67,4,2,4,5304,13,0,9,2,5,2,0
55,1311,97,3,4,4,16659,13,0,30,3,5,4,1
24,1371,77,3,2,3,4260,12,1,5,4,5,2,0
30,202,72,3,1,2,2476,18,1,1,3,1,0,0
26,575,73,3,1,1,3102,22,0,7,3,6,4,0
22,253,43,3,1,2,2244,13,1,2,3,2,1,1
36,164,61,2,3,3,7596,13,2,10,3,10,9,9
30,464,40,3,1,4,2285,23,0,3,3,1,0,0
37,1107,95,3,1,1,3034,12,1,18,2,18,7,12
40,759,46,3,2,2,5715,12,2,8,3,5,4,1
42,201,95,3,1,1,2576,16,1,8,3,5,2,1
37,1305,49,3,2,2,4197,12,0,18,2,1,0,0
43,982,59,2,4,2,14336,11,1,25,3,25,10,3
40,555,78,2,2,3,3448,22,1,20,3,1,0,0
54,821,86,3,5,1,19406,11,1,24,2,4,2,1
34,1381,72,3,2,3,6538,15,1,6,3,3,2,1
31,480,31,3,2,1,4306,12,1,13,1,13,10,3
43,313,61,3,1,4,2258,20,1,8,3,3,2,1
43,1473,74,3,2,3,4522,14,0,8,3,5,2,0
25,891,99,2,2,4,4487,11,0,5,3,5,4,1
37,1063,72,3,2,3,4449,15,2,15,3,13,11,10
31,329,98,2,1,1,2218,12,1,4,3,4,2,3
39,1218,52,3,5,3,19197,14,1,21,3,21,8,1
56,906,86,4,4,1,13212,11,3,36,2,7,7,7
30,1082,83,3,2,3,6577,11,0,6,3,5,4,4
41,645,49,4,3,1,8392,16,1,10,3,10,7,0
28,1300,79,3,2,1,4558,12,1,10,3,10,0,1
25,688,91,3,1,1,4031,13,1,6,3,2,2,0
52,319,39,2,3,3,7969,14,0,28,3,5,4,0
45,192,69,3,1,4,2654,21,2,8,2,2,2,0
52,1490,30,3,4,4,16555,13,0,31,1,5,2,1
42,532,92,3,2,3,4556,11,1,19,3,5,4,0
30,317,43,1,2,4,6091,20,0,11,3,5,4,0
60,422,41,3,5,1,19566,11,0,33,1,29,8,11
46,1485,87,3,2,3,4810,14,1,19,2,10,7,0
42,1368,88,2,2,4,4523,11,3,7,4,6,5,0
24,1448,62,3,1,2,3202,16,0,6,3,5,3,1
34,296,33,1,1,3,2351,16,1,3,2,2,2,1
38,1490,42,3,1,4,1702,23,1,1,3,1,0,0
40,1398,79,3,5,3,18041,14,0,21,3,20,15,1
26,1349,90,3,1,4,2886,22,2,3,1,3,2,0
30,1400,53,3,1,4,2097,15,1,9,1,5,3,1
29,986,93,2,3,3,11935,18,0,10,3,10,2,0
29,408,71,2,1,2,2546,16,0,6,4,2,2,1
19,489,52,2,1,4,2564,12,0,1,4,1,0,0
30,1398,69,3,3,1,8412,11,0,10,3,9,8,7
57,210,56,2,4,4,14118,12,1,32,2,1,0,0
50,1099,88,2,4,3,17046,15,1,28,3,27,10,15
30,1116,49,3,1,4,2564,14,0,12,2,11,7,6
60,1499,80,2,3,1,10266,19,0,22,4,18,13,13
47,983,65,3,2,4,5070,13,3,20,3,5,0,0
46,1009,51,3,4,3,17861,13,0,26,1,3,2,0
35,144,46,1,1,3,4230,15,0,6,3,5,4,4
54,548,42,3,2,3,3780,11,0,19,3,1,0,0
34,1303,62,2,1,3,2768,12,1,14,3,7,3,5
46,1125,94,2,3,4,9071,19,1,15,3,3,2,1
31,1274,33,3,3,2,10648,25,1,13,4,13,8,0
33,1277,56,3,3,3,13610,12,0,15,4,7,6,7
33,587,38,1,1,4,3408,13,3,8,3,4,3,1
30,413,57,3,1,2,2983,14,0,4,3,3,2,1
35,1276,72,3,3,3,7632,12,0,10,3,8,7,0
31,534,66,3,3,3,9824,12,0,12,3,1,0,0
34,988,43,3,3,1,9950,15,3,11,3,3,2,0
42,1474,97,3,1,3,2093,17,1,8,3,2,2,2
36,635,32,3,3,4,9980,14,0,10,2,10,3,9
22,1368,99,2,1,3,3894,16,0,4,3,2,2,1
48,163,37,3,2,4,4051,14,1,14,3,9,7,6
55,1117,83,3,4,2,16835,23,0,37,3,10,9,7
41,267,56,3,2,4,6230,14,0,16,3,14,3,1
35,619,85,3,2,3,4717,11,0,15,3,11,9,6
40,302,75,3,4,3,13237,15,0,22,3,20,6,5
39,443,48,3,1,3,3755,11,1,8,3,8,3,0
31,828,77,3,2,4,6582,13,0,10,4,6,5,0
42,319,56,3,3,1,7406,21,1,10,2,10,9,5
45,561,61,3,2,2,4805,19,1,9,4,8,7,3
26,426,58,3,1,3,2741,11,1,8,2,7,7,1
29,232,34,3,2,4,4262,12,2,8,4,3,2,1
33,922,95,4,4,3,16184,19,1,10,3,6,1,0
31,688,44,2,3,4,11557,21,1,10,2,5,4,0
18,1306,69,3,1,2,1878,14,0,0,3,0,0,0
40,1094,58,1,3,1,10932,15,1,20,3,1,0,0
41,509,62,2,2,3,6811,17,0,10,3,8,7,0
26,775,45,3,2,3,4306,12,2,8,3,0,0,0
35,195,80,3,2,3,4859,16,0,5,3,5,4,0
34,258,74,4,2,4,5337,12,0,10,3,10,7,5
26,471,66,1,1,4,2340,18,0,1,1,1,0,0
37,799,59,3,3,4,7491,17,0,12,4,6,5,1
46,1034,86,3,3,3,10527,11,0,28,2,2,2,1
41,1276,91,3,4,1,16595,16,1,22,3,18,16,11
37,142,69,3,3,2,8834,13,1,9,3,9,5,7
52,956,78,3,2,1,5577,12,2,18,3,10,9,6
32,1474,60,4,2,3,4707,12,0,6,3,4,2,1
24,535,38,3,1,4,2400,13,2,3,3,2,2,2
38,1495,76,3,2,3,9824,19,1,18,3,1,0,0
37,446,65,3,2,2,6447,12,1,8,2,6,5,4
49,1245,58,2,5,3,19502,17,1,31,3,31,9,0
24,691,89,4,1,4,2725,11,2,6,3,6,5,1
26,703,66,3,2,2,6272,20,2,6,4,5,3,1
24,823,94,2,1,2,2127,21,1,1,3,1,0,0
50,1246,99,3,5,2,18200,11,1,32,3,32,5,10
25,622,40,3,1,3,2096,11,0,7,3,7,4,0
24,1287,55,3,1,3,2886,16,1,6,3,6,3,1
30,448,74,2,1,1,2033,18,1,1,4,1,0,0
34,254,83,2,1,4,3622,13,1,6,3,6,5,1
31,1365,46,3,2,1,4233,17,0,9,1,3,1,1
35,538,54,2,2,4,3681,14,0,9,3,3,2,0
31,525,66,4,2,4,5460,22,2,13,4,7,7,5
27,798,66,2,1,3,2187,12,2,6,2,5,3,0
37,558,75,3,2,3,9602,11,1,17,2,3,0,1
20,959,83,2,1,2,2836,13,0,1,4,1,0,0
42,622,81,3,2,4,4089,13,2,10,3,10,2,2
43,782,50,2,4,4,16627,14,1,21,2,1,0,0
38,362,43,3,1,1,2619,17,0,8,2,0,0,0
43,1001,72,3,2,3,5679,13,1,10,3,8,7,4
48,1236,40,2,4,1,15402,11,1,21,1,3,2,0
44,1112,50,2,2,3,5985,11,0,10,4,2,2,0
34,204,31,3,1,3,2579,18,2,8,3,8,2,0
27,1420,85,3,1,1,3041,11,1,5,3,4,3,0
21,1343,49,3,1,3,3447,11,0,3,3,3,2,1
44,1315,35,3,5,4,19513,12,1,26,4,2,2,0
22,604,69,3,1,3,2773,20,0,3,3,2,2,2
33,1216,39,3,2,3,7104,12,0,6,3,5,0,1
32,646,92,3,2,4,6322,12,1,6,2,6,4,0
30,160,71,3,1,3,2083,20,1,1,3,1,0,0
53,238,34,3,2,1,8381,20,0,18,4,14,7,8
34,1397,42,3,1,4,2691,12,1,10,2,10,9,8
45,306,100,3,2,1,4286,14,2,5,3,1,1,0
26,991,71,3,1,4,2659,13,1,3,3,3,2,0
37,482,36,3,3,3,9434,15,1,10,3,10,7,7
29,1176,62,3,2,3,5561,14,1,6,2,6,0,1
35,1017,82,1,2,4,6646,13,0,17,3,17,11,11
33,1296,30,3,2,4,7725,23,1,15,1,13,11,4
54,397,88,3,3,2,10725,15,1,16,4,9,7,7
36,913,48,2,2,2,8847,11,1,13,3,3,2,0
27,1115,54,2,1,4,2045,13,0,5,3,4,2,1
20,1362,32,3,1,3,1009,11,0,1,3,1,0,1
33,1076,70,3,1,1,3348,11,0,10,3,10,8,9
35,727,41,2,1,3,1281,18,2,1,3,1,0,0
23,885,58,4,1,1,2819,16,1,5,4,3,2,0
25,810,57,4,2,2,4851,22,1,4,3,3,2,1
38,243,46,2,2,4,4028,20,0,8,3,7,7,0
29,806,76,1,1,4,2720,18,1,10,3,10,7,2
48,817,56,4,2,2,8120,12,0,12,3,2,2,2
27,1410,71,4,2,4,4647,20,2,6,3,6,5,0
37,1225,80,4,1,4,4680,17,0,4,3,1,0,0
50,1207,74,4,1,3,3221,11,3,20,3,20,8,3
34,1442,46,2,3,2,8621,14,0,9,4,8,7,7
24,693,65,3,2,3,4577,14,0,4,3,2,2,2
39,408,80,2,2,3,4553,11,0,20,3,20,7,11
32,929,55,3,2,4,5396,12,0,10,2,10,7,0
50,562,50,3,2,3,6796,14,1,18,3,4,3,1
38,827,33,4,2,4,7625,13,0,10,2,9,7,1
27,608,68,3,3,1,7412,11,0,9,3,9,7,0
32,1018,39,3,3,4,11159,15,0,10,3,7,7,7
47,703,42,3,2,1,4960,12,0,20,3,7,7,1
40,580,48,2,3,1,10475,21,1,20,3,18,13,1
53,970,59,4,4,3,14814,19,0,32,3,5,1,1
41,427,73,2,5,4,19141,15,3,23,2,21,6,12
60,1179,84,3,2,1,5405,14,0,10,3,2,2,2
27,294,32,3,3,1,8793,21,2,9,2,9,7,1
41,314,59,2,5,3,19189,12,1,22,3,22,7,2
50,316,54,3,1,2,3875,15,1,4,3,2,2,2
28,654,67,1,1,2,2216,13,0,10,3,7,7,3
36,427,63,4,3,1,11713,14,1,10,3,8,7,0
38,168,81,3,3,3,7861,14,0,10,4,1,0,0
44,381,49,1,1,3,3708,14,0,9,3,5,2,1
47,217,49,3,4,3,13770,12,2,28,2,22,2,11
30,501,99,3,2,4,5304,23,1,10,2,8,7,7
29,1396,99,3,1,3,2642,11,0,1,3,1,0,0
42,933,57,4,1,3,2759,12,0,7,3,2,2,2
43,775,47,2,2,4,6804,18,1,7,3,2,2,2
34,970,96,3,2,3,6142,11,0,10,3,5,1,4
23,650,37,3,1,1,2500,14,1,5,4,4,3,0
39,141,44,4,2,2,6389,15,1,12,1,8,3,3
56,832,81,3,4,4,11103,11,0,30,2,10,7,1
40,804,86,2,1,4,2342,20,0,5,2,4,2,2
27,975,55,2,2,1,6811,19,0,9,1,7,6,0
29,1090,83,3,1,2,2297,14,2,2,3,2,2,2
53,346,86,3,2,4,2450,17,0,19,3,2,2,2
35,1225,61,3,2,1,5093,11,1,16,4,1,0,0
32,430,80,3,2,4,5309,15,2,10,3,10,8,4
38,268,92,3,1,3,3057,13,1,6,1,1,0,0
34,167,32,3,2,1,5121,14,1,7,3,0,0,0
52,621,31,2,4,1,16856,11,0,34,4,34,6,1
33,527,63,3,1,4,2686,13,0,10,2,10,9,7
25,883,32,3,2,4,6180,23,0,6,2,6,5,1
45,954,46,1,2,3,6632,13,0,9,3,8,7,3
23,310,79,4,1,3,3505,18,0,2,3,2,2,0
47,719,77,4,2,3,6397,12,0,8,3,5,4,1
34,304,60,3,2,4,6274,22,0,6,3,6,5,1
55,725,78,3,5,1,19859,13,1,24,3,5,2,1
36,1434,76,2,3,1,7587,15,0,10,3,10,7,0
52,715,41,3,1,4,4258,18,1,5,3,4,3,1
26,575,71,1,1,4,4364,14,1,5,3,2,2,2
29,657,66,3,2,3,4335,12,1,11,2,8,7,1
26,1146,38,2,2,1,5326,17,0,6,2,4,3,1
34,182,72,4,1,4,3280,16,0,10,3,4,2,1
54,376,95,3,2,1,5485,11,2,9,3,5,3,1
27,829,84,3,2,4,4342,19,1,5,3,4,2,1
37,571,82,3,1,1,2782,13,2,6,2,5,3,4
38,240,75,4,2,1,5980,12,0,17,3,15,7,4
34,121,86,2,1,1,4381,11,0,6,3,6,5,1
35,384,72,3,1,4,2572,16,1,3,2,3,2,0
30,921,38,1,1,3,3833,21,2,7,3,2,2,0
40,791,38,4,2,2,4244,24,1,8,3,8,7,3
34,1111,93,3,2,1,6500,17,1,6,3,3,2,1
42,570,66,3,5,4,18430,13,1,24,2,24,7,14
23,1243,63,4,1,1,1601,21,2,1,3,0,0,0
24,1092,60,2,1,2,2694,11,3,1,3,1,0,0
52,1325,82,3,2,3,3149,20,1,9,3,5,2,1
50,691,64,3,4,3,17639,16,0,30,3,4,3,0
29,805,36,2,1,1,2319,11,1,1,3,1,0,0
33,213,49,3,3,3,11691,11,0,14,4,13,9,3
33,118,69,3,2,1,5324,15,0,6,3,3,2,0
47,202,33,3,4,4,16752,11,1,26,2,26,14,3
36,676,35,3,2,2,5228,15,1,10,3,9,7,0
29,1252,81,4,1,3,2700,24,1,10,3,10,7,0
58,286,31,3,5,2,19246,12,0,40,3,31,15,13
35,1258,40,4,1,3,2506,13,0,7,3,2,2,2
42,932,43,2,2,4,6062,13,1,8,3,4,3,0
28,890,46,3,1,3,4382,17,0,5,2,2,2,2
36,1041,36,3,1,2,2143,13,1,8,3,5,2,0
32,859,98,2,2,3,6162,12,1,14,3,14,13,6
40,720,51,2,2,3,5094,14,0,10,3,1,0,0
30,946,52,2,2,4,6877,24,0,12,2,0,0,0
45,252,95,2,1,3,2274,14,0,1,3,1,0,0
42,933,98,3,2,2,4434,13,1,10,2,9,8,7
38,471,45,2,2,1,6288,15,1,13,2,4,3,1
34,702,100,2,1,4,2553,16,0,6,3,5,2,1
49,1184,43,3,3,4,7654,18,2,9,4,9,8,7
55,436,37,3,2,4,5160,16,0,12,2,9,7,7
43,589,94,3,4,1,17159,24,1,22,3,4,1,1
27,269,42,2,3,4,12808,16,1,9,3,9,8,0
35,950,59,3,3,3,10221,21,0,17,4,8,5,1
28,760,81,3,2,2,4779,20,0,8,3,8,7,7
34,829,88,3,1,4,3737,19,1,4,1,3,2,0
26,887,88,2,1,3,2366,14,1,8,3,8,7,1
27,443,50,3,1,4,1706,11,3,0,2,0,0,0
51,1318,66,3,4,3,16307,14,1,29,2,20,6,4
44,625,50,3,2,2,5933,12,0,10,2,5,2,2
25,180,65,4,1,1,3424,13,0,6,2,4,3,0
33,586,48,4,2,1,4037,22,1,9,3,9,8,0
35,1343,53,2,1,1,2559,11,0,6,2,6,5,1
36,928,56,3,2,4,6201,14,1,18,2,18,14,4
32,117,73,3,2,4,4403,11,1,8,2,5,2,0
30,1012,75,2,1,4,3761,12,1,10,2,5,4,0
53,661,78,2,3,4,10934,18,1,35,3,5,2,0
45,930,74,3,3,1,10761,12,1,18,3,5,4,0
32,638,91,4,2,3,5175,12,1,9,2,5,3,1
52,890,81,2,4,4,13826,22,0,31,3,9,8,0
37,342,66,2,2,3,6334,19,2,9,3,1,0,0
28,1169,63,2,1,4,4936,13,1,6,3,5,1,0
22,1230,33,2,2,4,4775,22,2,4,1,2,2,2
44,986,62,4,1,4,2818,24,1,10,2,3,2,0
42,1271,35,3,1,4,2515,14,0,8,3,2,1,2
36,1278,77,2,1,1,2342,21,0,6,3,5,4,0
25,141,98,3,2,1,4194,18,0,5,3,5,3,0
35,607,66,2,3,3,10685,20,1,17,3,17,14,5
35,130,96,3,1,2,2022,19,1,10,2,10,2,7
32,300,61,3,1,4,2314,12,1,4,3,3,0,0
25,583,87,2,2,1,4256,12,0,5,4,5,2,0
49,1418,36,3,1,1,3580,16,1,7,3,4,2,0
24,1269,46,2,1,4,3162,17,0,6,2,5,2,3
32,379,48,3,2,2,6524,14,1,10,3,10,8,5
38,395,98,2,1,2,2899,19,1,3,3,2,2,1
42,1265,95,4,2,4,5231,13,1,17,2,5,3,1
31,1222,48,3,1,4,2356,19,1,8,3,6,4,0
29,341,48,2,1,3,2800,19,3,5,3,3,2,0
53,868,73,3,4,4,11836,14,1,28,3,2,0,2
35,672,78,2,3,2,10903,16,0,16,3,13,10,4
37,1231,54,3,1,4,2973,15,1,10,3,5,4,0
53,102,72,3,4,4,14275,18,0,33,3,12,9,3
43,422,33,3,2,4,5562,13,1,12,2,5,2,2
47,249,35,3,2,4,4537,22,1,8,3,7,6,7
37,1252,32,3,3,2,7642,13,0,10,3,10,0,0
50,881,98,3,4,1,17924,11,1,31,3,31,6,14
39,1383,42,2,2,4,5204,11,2,13,3,5,4,0
33,1075,57,3,1,2,2277,11,1,7,4,4,3,0
32,374,87,3,1,4,2795,24,0,1,1,1,0,0
29,1086,62,2,1,4,2532,14,3,8,3,4,3,0
44,661,61,3,1,1,2559,13,0,8,3,8,7,7
28,821,98,3,2,4,4908,14,0,4,3,4,2,0
58,781,57,2,1,4,2380,14,1,3,2,1,0,0
43,177,55,3,2,2,4765,21,1,4,4,1,0,0
20,500,49,2,1,3,2044,13,0,2,2,2,2,0
21,1427,65,3,1,4,2693,19,0,1,2,1,0,0
36,1425,68,3,2,4,6586,17,1,17,2,16,8,4
47,1454,65,2,1,4,3294,18,0,3,2,3,2,1
22,617,34,3,2,3,4171,19,1,4,4,3,2,0
41,1085,57,1,1,4,2778,13,1,10,2,7,7,1
28,995,77,3,1,3,2377,18,1,6,3,2,2,2
39,1122,70,3,1,1,2404,21,0,8,1,2,2,2
27,618,76,3,1,3,2318,19,0,1,3,1,1,0
34,546,83,3,1,2,2008,14,2,1,3,1,0,1
42,462,68,2,2,3,6244,17,0,10,3,5,4,0
33,1198,100,2,1,1,2799,11,0,6,3,3,2,0
58,1272,37,2,3,2,10552,13,1,24,3,6,0,0
31,154,41,2,1,3,2329,15,0,13,4,7,7,5
35,1137,51,3,2,4,4014,25,1,10,1,10,6,0
49,527,51,3,3,2,7403,11,1,29,2,26,9,1
48,1469,51,3,1,3,2259,17,2,13,2,0,0,0
31,1188,45,3,2,3,6932,13,1,9,2,9,8,0
36,188,65,3,1,4,4678,18,0,8,3,6,2,0
38,1333,80,3,3,1,13582,13,1,15,3,15,12,5
32,1184,70,2,1,2,2332,20,0,5,3,3,0,0
25,867,36,2,1,2,2413,18,3,1,3,1,0,0
40,658,67,2,3,2,9705,12,1,11,2,1,0,0
26,1283,52,2,2,1,4294,12,0,7,3,7,7,0
41,263,59,3,1,1,4721,13,0,20,3,18,13,2
36,938,79,3,1,3,2519,21,0,16,3,11,8,3
19,419,37,2,1,2,2121,13,0,1,4,1,0,0
20,129,84,3,1,1,2973,19,0,1,3,1,0,0
31,616,41,3,2,4,5855,11,2,10,1,9,7,8
40,1469,35,3,1,2,3617,14,1,3,3,1,1,0
32,498,93,3,2,1,6725,12,1,8,4,8,7,6
36,530,51,2,3,4,10325,11,1,16,3,16,7,3
33,1069,42,2,2,4,6949,14,0,6,3,5,0,1
37,625,46,2,3,3,10609,11,0,17,1,14,1,11
45,805,57,3,2,2,4447,12,0,9,2,9,7,0
29,1404,84,3,1,4,2157,15,1,3,3,3,1,0
35,1219,86,3,2,3,4601,16,0,5,3,5,2,1
52,1053,70,3,4,4,17099,15,1,26,2,9,8,7
58,289,51,3,1,3,2479,24,0,7,3,1,0,0
53,1376,45,3,4,3,14852,13,1,22,4,17,13,15
30,231,62,3,3,3,7264,11,1,10,4,8,4,7
38,152,85,3,2,4,5666,13,0,6,3,5,3,1
35,882,92,3,3,4,7823,13,1,12,3,10,9,0
39,903,41,4,3,3,7880,18,0,9,3,8,7,0
40,1479,100,4,4,2,13194,16,0,22,2,1,0,0
47,1379,64,4,2,3,5067,19,0,20,4,19,10,2
36,1229,84,3,2,4,5079,13,2,12,3,7,7,0
31,335,46,2,1,1,2321,22,0,4,3,3,2,1
33,722,38,3,4,3,17444,11,0,10,3,10,8,6
29,906,92,2,1,1,2404,20,0,3,3,0,0,0
33,461,53,3,1,4,3452,18,0,5,3,3,2,0
45,974,91,3,1,4,2270,14,2,8,3,5,3,0
50,1126,66,3,4,4,17399,22,1,32,2,5,4,1
33,827,84,4,2,2,5488,13,1,6,3,6,5,1
41,840,64,3,5,3,19419,17,1,21,4,18,16,0
27,1134,37,3,1,2,2811,14,1,4,3,2,2,2
45,248,42,3,2,1,3633,15,1,9,3,9,8,0
47,955,83,3,2,4,4163,17,0,9,3,9,0,0
30,138,48,3,1,3,2132,11,0,7,3,5,2,0
50,939,95,3,4,3,13973,18,1,22,3,12,11,1
38,1391,66,3,1,3,2684,17,1,3,2,2,1,0
46,566,75,3,3,3,10845,13,1,13,3,8,7,0
24,1206,41,2,2,3,4377,15,2,5,3,4,2,3
35,622,39,2,1,2,3743,24,1,5,1,4,2,0
31,853,96,3,2,1,4148,12,1,4,3,4,3,0
18,287,73,3,1,4,1051,15,0,0,3,0,0,0
54,1441,56,3,3,3,10739,11,1,22,3,10,7,0
35,583,57,3,3,3,10388,11,1,16,2,16,10,10
30,153,73,4,3,1,11416,12,3,9,2,8,7,1
20,1097,98,2,1,1,2600,15,0,1,3,1,0,0
30,109,60,3,1,2,2422,17,0,4,3,3,2,1
26,1066,32,4,2,4,5472,12,0,8,3,8,7,1
22,217,94,1,1,1,2451,15,1,4,2,4,3,1
48,277,97,2,2,3,4240,13,0,19,3,2,2,2
48,1355,78,2,3,3,10999,14,0,27,3,15,11,4
41,549,42,3,2,3,5003,14,0,8,3,2,2,2
39,466,65,2,4,4,12742,16,1,21,3,21,6,11
27,1055,47,3,2,4,4227,18,1,4,3,3,2,2
35,802,45,3,1,4,3917,20,1,3,2,3,2,1
42,265,90,3,5,3,18303,13,0,21,4,1,0,0
50,804,64,3,1,4,2380,18,0,8,3,1,0,0
59,715,69,2,4,4,13726,13,0,30,3,5,3,4
37,1141,61,1,2,2,4777,15,0,15,1,1,0,0
55,135,62,3,2,2,6385,14,2,17,3,8,7,6
41,247,55,1,5,3,19973,22,2,21,3,21,16,5
38,1035,42,3,2,4,6861,12,0,19,3,1,0,0
26,265,79,1,2,1,4969,18,0,7,3,2,2,2
52,266,57,1,5,4,19845,15,1,33,3,32,14,6
44,1448,53,4,4,4,13320,18,1,23,3,12,11,11
50,145,95,3,2,3,6347,12,1,19,3,18,7,0
36,885,43,4,1,1,2743,16,0,18,3,17,13,15
39,945,82,3,3,1,10880,13,0,21,3,21,6,2
33,1038,88,2,1,4,2342,19,0,3,2,2,2,2
45,1234,90,3,4,4,17650,13,1,26,4,9,3,1
32,1109,69,3,1,3,4025,12,0,10,3,8,7,7
34,216,75,4,2,4,9725,11,1,16,2,15,1,0
59,1089,66,3,3,4,11904,14,1,14,1,6,4,0
45,788,36,3,1,2,2177,16,0,6,3,6,3,0
53,124,38,2,3,2,7525,12,1,30,3,15,7,6
36,660,81,3,2,3,4834,14,1,9,2,1,0,0
26,342,57,3,1,1,2042,14,1,6,3,3,2,1
34,1333,87,3,1,3,2220,19,1,1,3,1,1,0
28,1144,74,3,1,2,1052,22,0,1,3,1,0,0
38,1186,44,3,1,3,2821,16,1,8,3,2,2,2
50,1464,62,3,5,3,19237,11,1,29,2,8,1,7
37,124,35,3,2,2,4107,15,0,8,2,4,3,0
40,300,74,3,2,1,8396,14,1,8,2,7,7,7
26,921,66,2,1,3,2007,13,2,5,3,5,3,1
46,430,40,3,5,4,19627,17,2,23,3,2,2,2
54,1082,41,2,3,3,10686,11,1,13,3,9,4,7
56,1240,63,3,1,3,2942,19,1,18,3,5,4,0
36,796,51,2,3,4,8858,11,0,15,2,14,8,7
55,444,40,2,4,1,16756,15,0,31,4,9,7,6
43,415,79,2,3,4,10798,13,1,18,3,1,0,0
20,769,54,3,1,4,2323,14,0,2,3,2,2,0
21,1334,36,2,1,1,1416,13,0,1,2,1,0,1
46,1003,74,2,2,1,4615,23,3,19,3,16,13,1
51,1323,34,3,1,3,2461,12,3,18,4,10,0,2
28,1366,72,2,3,1,8722,12,0,10,2,10,7,1
26,192,59,2,1,1,3955,16,2,6,3,5,3,1
30,1176,85,3,2,1,9957,15,1,7,2,6,2,0
41,509,43,4,1,3,3376,13,0,10,3,10,6,0
38,330,65,2,3,3,8823,18,1,20,2,19,9,1
40,1492,61,3,3,4,10322,20,1,14,3,11,10,11
27,1277,87,1,1,3,4621,19,3,3,3,3,2,1
55,1091,65,3,3,2,10976,18,1,23,3,3,2,1
28,857,59,3,2,3,3660,13,0,10,4,8,7,1
44,1376,91,2,3,1,10482,14,1,24,3,20,6,3
33,654,34,2,3,4,7119,15,1,9,3,3,2,1
35,1204,86,3,3,1,9582,22,0,9,3,8,7,4
33,827,54,2,2,3,4508,22,0,14,3,13,7,3
28,895,50,3,1,3,2207,16,1,4,2,4,2,2
34,618,45,3,2,4,7756,17,0,7,2,6,2,0
37,309,88,2,2,4,6694,14,3,8,3,1,0,0
25,1219,32,3,1,4,3691,15,1,7,4,7,7,5
26,1330,37,3,1,3,2377,20,1,1,2,1,1,0
33,1017,55,2,1,2,2313,20,0,5,3,2,2,2
42,469,35,3,4,1,17665,17,1,23,3,22,6,13
28,1009,45,2,1,2,2596,15,2,1,3,1,0,0
50,959,81,3,2,3,4728,14,0,5,3,0,0,0
33,970,30,3,2,2,4302,17,1,4,3,3,2,0
34,697,40,2,1,4,2979,17,3,6,3,0,0,0
48,1262,35,4,4,4,16885,22,0,27,2,5,4,2
45,1050,65,2,2,3,5593,13,1,15,3,15,10,4
52,994,87,3,3,2,10445,19,0,18,3,8,6,4
38,770,73,2,3,3,8740,14,2,9,3,8,7,2
29,1107,93,3,1,4,2514,22,1,11,3,7,5,1
28,950,93,3,3,2,7655,17,3,10,2,9,7,1
46,406,52,3,4,3,17465,12,1,23,3,12,9,4
38,130,32,3,3,2,7351,16,0,10,3,1,0,0
43,1082,83,3,3,1,10820,11,1,18,3,8,7,0
39,203,84,3,4,4,12169,11,3,21,3,18,7,11
40,1308,44,2,5,3,19626,14,0,21,4,20,7,4
21,984,70,2,1,2,2070,11,0,2,4,2,2,2
39,439,70,3,2,2,6782,15,0,9,2,5,4,0
36,217,78,3,2,4,7779,20,0,18,3,11,9,0
31,793,67,4,1,4,2791,12,1,3,3,2,2,2
28,1451,67,2,1,2,3201,17,0,6,1,5,3,0
35,1182,54,3,2,4,4968,11,1,5,3,5,2,0
49,174,56,2,4,2,13120,17,1,22,3,9,8,2
34,1003,95,3,2,3,4033,11,0,5,2,3,2,0
29,490,61,3,1,2,3291,14,2,8,2,7,5,1
42,188,56,1,2,4,4272,19,0,16,3,1,0,0
29,718,79,2,2,4,5056,15,1,10,2,10,7,1
38,433,37,4,1,3,2844,13,1,7,4,7,6,5
28,773,39,2,1,3,2703,14,1,3,3,3,1,0
18,247,80,3,1,3,1904,12,0,0,3,0,0,0
33,603,77,3,2,1,8224,17,0,6,3,5,2,0
41,167,46,3,1,4,4766,11,1,6,3,1,0,0
31,874,72,3,1,3,2610,12,1,2,2,2,2,2
37,367,52,2,2,4,5731,13,2,9,3,6,2,1
27,199,55,2,1,3,2539,13,1,4,3,4,2,2
34,1400,70,3,2,3,5714,20,0,6,2,6,5,1
35,528,100,3,1,3,4323,17,0,6,1,5,4,1
29,408,45,2,3,1,7336,13,1,11,1,11,8,3
40,593,88,3,3,3,13499,17,0,20,2,18,7,2
42,481,44,3,4,1,13758,12,0,22,2,21,9,13
42,647,45,3,2,1,5155,13,0,9,4,6,4,1
35,982,58,2,1,3,2258,12,1,10,3,8,0,1
24,477,49,3,1,2,3597,22,0,6,3,4,3,1
28,1485,79,3,1,4,2515,11,0,1,2,1,1,0
26,1384,82,4,1,4,4420,22,1,8,3,8,7,0
30,852,72,2,2,3,6578,18,1,10,3,10,3,1
40,902,92,2,2,4,4422,13,1,16,1,1,1,0
35,819,44,2,3,2,10274,18,1,15,4,7,7,6
34,669,97,2,2,1,5343,20,0,14,3,13,9,4
35,636,47,2,1,4,2376,13,1,2,4,2,2,2
43,1372,85,1,2,3,5346,13,0,7,2,4,3,1
32,862,76,3,1,1,2827,12,3,1,3,1,0,0
56,718,92,3,5,1,19943,13,1,28,3,5,2,4
29,1401,54,3,1,4,3131,13,1,10,3,10,8,0
19,645,54,3,1,1,2552,25,0,1,3,1,1,0
45,1457,83,3,1,3,4477,19,1,7,2,3,2,0
37,977,56,2,2,4,6474,13,1,14,2,14,8,3
20,805,87,2,1,3,3033,12,0,2,2,2,2,1
44,1097,96,3,1,3,2936,11,0,6,3,6,4,0
53,1223,50,3,5,3,18606,18,1,26,3,7,7,4
29,942,69,1,1,4,2168,18,1,6,2,5,4,1
22,1256,48,2,1,4,2853,11,1,1,3,0,0,0
46,1402,69,3,4,1,17048,23,0,28,3,26,15,15
44,111,74,1,1,3,2290,13,0,6,3,0,0,0
33,147,99,3,1,3,3600,13,1,5,3,5,4,1
41,906,95,2,1,1,2107,17,1,5,1,1,0,0
30,1329,61,3,2,1,4115,19,3,8,3,4,3,0
40,1184,62,3,2,2,4327,12,3,5,3,0,0,0
50,1421,30,3,4,1,17856,22,1,32,3,2,2,2
28,1179,78,2,1,1,3196,12,3,6,3,6,5,3
46,1450,52,3,5,2,19081,11,1,25,3,4,2,0
35,1361,94,3,2,1,8966,15,3,15,3,7,7,1
24,984,97,3,1,2,2210,13,1,1,1,1,0,0
33,1146,82,3,2,3,4539,12,1,10,2,10,7,0
36,917,60,1,1,3,2741,14,1,7,3,7,7,1
30,853,49,3,2,3,3491,13,3,10,2,10,7,8
44,200,32,3,2,4,4541,25,0,20,3,20,11,13
20,654,43,4,1,4,2678,17,0,2,3,2,1,2
46,150,60,3,2,4,7379,11,1,12,2,6,3,1
42,179,79,4,2,1,6272,16,1,10,4,4,3,0
60,696,52,4,2,4,5220,18,1,12,3,11,7,1
32,116,77,2,1,2,2743,20,1,2,3,2,2,2
32,1316,38,3,2,3,4998,14,0,10,3,8,7,0
36,363,77,1,3,1,10252,21,1,17,3,7,7,7
33,117,60,3,1,4,2781,13,1,15,3,14,10,4
40,107,84,2,2,2,6852,12,1,7,4,5,1,1
25,1356,57,3,2,4,4950,14,0,5,3,4,3,1
30,1465,63,3,1,2,3579,21,1,12,3,11,9,5
42,458,60,3,3,1,13191,17,0,20,3,1,0,0
35,1212,78,2,3,4,10377,11,1,16,2,13,2,4
27,1103,42,3,1,1,2235,14,2,9,2,9,7,6
54,966,53,3,3,3,10502,17,1,33,1,5,4,1
44,1117,72,4,1,4,2011,13,1,10,3,10,5,7
19,504,96,2,1,2,1859,25,0,1,4,1,1,0
29,1010,97,3,1,4,3760,15,3,3,3,3,2,1
54,685,85,3,4,4,17779,14,0,36,3,10,9,0
31,1332,80,3,2,1,6833,12,0,6,2,6,5,0
31,1062,96,2,2,1,6812,19,0,10,3,10,9,1
59,326,48,2,2,4,5171,17,0,13,3,6,1,0
43,920,96,1,5,4,19740,14,1,25,3,8,7,0
49,1098,85,2,5,3,18711,13,1,23,4,1,0,0
36,469,46,3,1,2,3692,12,0,12,2,11,10,0
48,969,76,4,1,2,2559,11,0,7,2,1,0,0
27,1167,76,3,1,3,2517,11,3,5,3,5,3,0
29,1329,82,3,2,4,6623,11,2,6,3,6,0,1
48,715,76,2,5,4,18265,12,0,25,4,1,0,0
29,694,87,2,4,4,16124,14,2,9,2,7,7,1
34,1320,89,4,1,3,2585,17,0,2,2,1,0,0
44,1099,88,3,5,2,18213,11,1,26,3,22,9,3
33,536,82,4,3,3,8380,14,2,10,3,9,8,0
19,265,57,4,1,4,2994,12,0,1,3,1,0,0
23,373,47,3,1,3,1223,22,1,1,3,1,0,0
25,599,73,1,1,4,1118,14,0,1,3,1,0,1
26,583,53,3,1,4,2875,20,0,8,2,8,5,2
45,1449,94,1,5,2,18824,16,0,26,3,24,10,1
55,177,37,2,4,2,13577,15,1,34,3,33,9,15
21,251,45,2,1,3,2625,20,0,2,1,2,2,2
46,168,33,2,5,2,18789,14,1,26,3,11,4,0
34,131,86,3,2,1,4538,12,0,4,3,3,2,0
51,237,83,3,5,2,19847,24,1,31,2,29,10,11
59,1429,67,3,3,4,10512,12,0,25,2,9,7,5
34,135,46,3,2,2,4444,13,2,15,4,11,8,5
28,791,44,3,1,3,2154,11,0,5,2,4,2,0
44,1199,92,4,5,1,19190,14,2,26,2,25,9,14
34,648,56,2,2,2,4490,11,2,14,4,10,9,1
35,735,66,3,1,3,3506,14,0,4,3,3,2,2
42,603,78,4,2,2,2372,16,0,18,3,1,0,0
43,531,56,2,3,4,10231,14,0,23,4,21,7,15
36,429,53,3,2,2,5410,11,0,18,3,16,14,5
44,621,73,3,3,4,7978,11,1,10,3,10,7,0
28,193,52,2,1,4,3867,12,1,2,3,2,2,2
51,968,40,2,1,3,2838,14,0,8,2,7,0,7
30,879,72,3,2,3,4695,18,0,10,3,8,4,1
29,806,39,3,1,3,3339,13,2,10,3,7,7,7
28,640,84,3,1,1,2080,11,0,5,2,3,2,1
25,266,40,3,1,2,2096,18,0,2,2,2,2,2
32,604,56,4,2,4,6209,15,2,10,4,10,7,0
45,364,83,3,5,2,18061,22,0,22,3,0,0,0
39,412,94,2,4,2,17123,13,2,21,3,19,9,15
58,848,88,3,1,3,2372,12,2,2,3,2,2,2
32,1089,79,3,2,3,4883,18,1,10,3,10,4,1
39,360,93,3,1,1,3904,13,0,6,3,5,2,0
30,1138,48,2,2,4,4627,12,1,10,3,9,2,6
36,325,63,3,3,3,7094,12,0,10,3,7,7,1
46,991,44,3,1,1,3423,12,0,10,4,7,6,5
28,1476,55,1,2,4,6674,11,3,10,3,9,8,7
50,1322,43,3,4,1,16880,11,0,25,3,3,2,1
40,299,57,2,3,2,9094,12,0,9,3,5,4,1
52,1030,64,3,3,2,8446,19,0,10,2,8,7,7
30,634,95,3,3,1,11916,23,2,9,3,9,1,0
39,524,32,3,2,3,4534,11,0,9,3,8,7,1
31,587,57,3,3,3,9852,19,1,10,2,10,8,9
41,256,40,1,2,2,6151,13,0,19,3,19,2,11
31,1060,54,3,1,2,2302,11,0,3,4,3,2,2
44,935,89,3,1,1,2362,12,0,10,4,3,2,1
42,495,37,3,4,3,17861,13,0,21,2,20,8,2
55,282,58,1,5,3,19187,14,1,23,3,19,9,9
56,206,99,3,5,2,19717,14,0,36,3,7,3,7
40,458,74,3,1,3,3544,16,1,6,3,4,2,0
34,943,86,3,3,4,8500,11,1,10,2,9,7,1
40,523,98,3,2,4,4661,13,0,9,3,9,8,8
41,1018,66,3,2,1,4103,17,1,10,3,9,3,1
35,482,87,3,2,3,4249,11,0,9,3,9,6,1
51,770,84,3,4,2,14026,11,1,33,3,33,9,0
38,1009,31,3,2,1,6893,15,1,11,3,7,7,1
34,507,66,3,2,1,6125,12,0,10,4,10,8,9
25,882,67,3,1,4,3669,11,3,7,2,3,2,1
58,601,53,2,3,1,10008,14,0,31,2,10,9,5
40,329,88,3,1,2,2387,22,1,7,3,4,2,0
36,607,83,4,2,1,4639,16,1,17,2,15,7,6
48,855,54,3,3,4,7898,11,0,11,3,10,9,0
27,1291,98,4,1,4,2534,14,1,5,3,1,0,0
51,1405,82,2,4,2,13142,16,0,29,2,5,2,0
18,1124,97,3,1,4,1611,15,0,0,4,0,0,0
35,817,60,2,2,4,5363,12,1,10,3,9,7,0
27,793,43,1,2,4,5071,20,0,8,3,6,2,0
55,267,85,4,4,3,13695,17,0,24,2,19,7,3
56,1369,68,3,4,2,13402,12,1,33,3,19,16,15
34,999,92,2,1,3,2029,20,3,5,3,5,4,0
40,1202,89,4,2,3,6377,20,3,15,3,12,11,11
34,285,86,3,2,3,5429,13,2,10,3,8,7,7
31,703,90,2,1,4,2785,14,0,3,4,1,0,0
35,662,67,3,2,3,4614,18,1,5,2,4,2,3
38,693,57,4,1,3,2610,11,3,4,3,4,2,0
34,404,98,3,2,4,6687,11,0,14,4,14,11,4
28,736,48,2,2,1,4724,11,1,5,3,5,3,0
31,330,98,3,2,3,6179,15,2,10,2,10,2,6
39,1498,44,2,2,4,6120,12,2,8,4,5,4,1
51,541,52,3,3,2,10596,11,0,14,3,4,2,3
41,1200,75,3,2,4,5467,14,2,12,2,6,2,3
37,1439,54,3,1,3,2996,15,0,8,3,6,4,1
33,1111,61,3,2,4,9998,13,0,8,4,5,4,1
32,499,36,3,2,2,4078,13,3,4,2,3,2,1
39,1485,71,3,3,3,10920,21,1,13,3,6,4,0
25,1372,93,4,2,3,6232,11,0,6,2,3,2,1
52,322,59,4,4,3,13247,11,1,24,2,5,3,0
43,930,73,2,2,3,4081,14,0,20,1,20,7,1
27,205,98,2,2,4,5769,11,0,6,3,6,2,4
27,135,51,3,1,3,2394,13,0,8,3,8,2,7
26,683,36,2,1,4,3904,12,0,5,3,4,3,1
42,1147,31,3,4,1,16799,14,1,21,3,20,7,0
52,258,54,3,1,1,2950,13,0,12,1,5,4,0
37,1462,94,3,1,3,3629,18,0,8,3,3,2,0
35,200,60,3,3,4,9362,11,0,10,3,2,2,2
25,949,81,3,1,4,3229,11,1,7,2,3,2,0
26,652,100,4,1,1,3578,12,0,8,3,7,7,0
29,332,51,2,3,1,7988,13,0,10,2,10,9,0
49,1475,97,2,2,1,4284,20,0,20,3,4,3,1
29,337,84,3,3,4,7553,12,0,9,3,8,7,7
54,971,54,3,4,4,17328,19,0,29,2,20,7,12
58,1055,76,3,5,1,19701,21,1,32,3,9,8,1
55,1136,81,4,4,4,14732,13,2,31,4,7,7,0
36,1174,99,3,2,2,9278,16,0,15,3,5,4,0
31,667,50,1,1,3,1359,12,0,1,3,1,0,0
30,855,73,3,2,1,4779,14,2,8,3,3,2,0
31,182,93,3,4,2,16422,11,0,9,4,3,2,1
34,560,91,3,1,1,2996,14,2,10,3,4,3,1
31,202,34,2,1,2,1261,12,0,1,4,1,0,0
27,1377,91,3,1,1,2099,14,0,6,4,5,0,1
36,172,37,2,2,4,5810,16,0,10,2,10,4,1
36,329,98,2,2,1,5647,13,2,11,2,3,2,0
47,465,74,3,1,4,3420,12,1,17,2,6,5,1
25,383,68,2,1,1,4400,12,0,6,3,3,2,2
37,1413,84,4,1,3,3500,14,0,7,1,6,5,1
56,1255,90,3,1,1,2066,22,1,5,4,3,2,1
47,359,82,3,4,3,17169,19,2,26,4,20,17,5
24,1476,42,3,2,3,4162,12,2,5,3,5,4,0
32,601,97,3,2,4,9204,12,1,7,2,4,3,0
34,401,86,2,1,2,3294,17,1,7,2,5,4,0
41,1283,90,4,1,3,2127,12,0,7,2,4,2,0
40,663,81,3,2,3,3975,11,2,11,4,8,7,0
31,326,31,3,3,4,10793,18,1,13,3,13,7,9
46,377,52,3,3,4,10096,11,1,28,4,7,7,4
39,592,54,2,1,1,3646,23,0,11,4,1,0,0
31,1445,100,4,3,2,7446,11,0,10,3,10,8,4
45,1038,95,1,3,1,10851,18,1,24,3,7,7,0
31,1398,96,4,1,2,2109,18,0,8,3,3,2,0
31,523,94,3,1,4,3722,13,1,7,1,2,2,2
45,1448,55,3,3,4,9380,18,2,10,4,3,1,1
48,1221,96,3,2,1,5486,11,3,15,3,2,2,2
34,1107,52,3,1,3,2742,15,0,2,3,2,2,2
40,218,55,2,3,2,13757,11,1,16,3,9,8,4
28,866,84,3,2,1,8463,18,0,6,3,5,4,1
44,981,90,2,1,3,3162,14,0,7,3,5,2,0
53,447,39,4,4,2,16598,12,0,35,2,9,8,8
49,1495,96,3,2,3,6651,14,1,20,2,3,2,1
40,896,68,3,1,3,2345,14,1,8,4,3,1,1
44,1467,49,3,1,2,3420,13,0,6,2,5,2,1
33,430,54,3,2,1,4373,14,2,5,3,4,3,0
34,1326,81,1,2,1,4759,18,0,15,3,13,9,3
30,1358,96,3,2,3,5301,15,2,4,2,2,1,2
42,748,74,3,1,4,3673,13,0,12,3,12,9,5
44,383,79,3,2,3,4768,12,1,11,2,1,0,0
30,990,64,3,1,3,1274,13,2,1,2,1,0,0
57,405,93,4,2,3,4900,24,1,13,2,12,9,2
49,1490,35,3,3,2,10466,14,2,29,3,8,7,0
34,829,71,3,4,1,17007,14,2,16,2,14,8,6
28,1496,92,3,1,3,2909,15,1,5,4,3,2,1
29,115,51,3,2,2,5765,11,0,7,1,5,3,0
34,790,40,2,2,2,4599,23,0,16,4,15,9,10
35,660,76,3,1,3,2404,13,1,1,3,1,0,0
24,381,89,3,1,1,3172,11,0,4,2,0,0,0
24,830,78,3,1,2,2033,13,1,1,3,1,0,0
44,1193,86,3,3,3,10209,18,0,16,2,2,2,2
29,1246,77,2,2,3,8620,14,2,10,3,10,7,0
30,330,46,3,1,3,2064,21,1,6,4,5,3,1
55,1229,30,3,2,3,4035,16,0,4,3,3,2,1
33,1099,82,2,1,2,3838,11,0,8,3,5,4,0
47,571,78,3,2,3,4591,17,1,11,2,5,4,1
28,289,38,2,1,1,2561,11,0,8,2,0,0,0
28,1423,72,2,1,3,1563,14,1,1,1,1,0,0
28,467,55,3,2,1,4898,14,0,5,3,4,2,1
49,271,43,2,2,1,4789,25,1,10,3,3,2,1
29,410,97,3,1,2,3180,13,3,4,3,3,2,0
28,1083,96,1,2,2,6549,14,2,8,2,8,6,1
33,516,69,3,2,3,6388,17,0,14,3,0,0,0
32,495,64,3,3,4,11244,25,0,10,4,5,2,0
54,1050,87,3,4,4,16032,20,1,26,3,14,9,1
29,224,100,2,1,1,2362,13,0,11,1,9,7,0
44,136,32,3,4,1,16328,13,1,24,4,20,6,14
39,1089,32,3,3,2,8376,18,0,9,3,2,0,2
46,228,51,3,4,2,16606,12,1,23,4,13,12,5
35,1029,91,2,3,2,8606,19,0,11,1,11,8,3
23,507,97,3,2,3,2272,14,0,5,3,4,3,1
40,676,86,3,1,1,2018,14,0,15,1,5,4,1
34,971,64,2,3,3,7083,14,0,10,3,10,9,8
31,561,33,3,1,3,4084,12,0,7,1,7,2,7
50,333,88,1,4,4,14411,13,0,32,3,32,6,13
34,1440,55,3,1,3,2308,25,1,12,3,11,10,5
42,1210,68,2,1,2,4841,14,1,4,3,1,0,0
37,674,47,3,2,4,4285,17,0,10,3,10,8,3
29,441,39,1,2,1,9715,13,1,9,3,7,7,0
33,575,44,2,2,2,4320,13,0,5,3,5,3,0
45,950,97,3,1,4,2132,20,1,8,3,5,4,0
42,288,40,3,3,4,10124,14,1,24,1,20,8,13
40,1342,47,3,2,1,5473,12,0,9,4,8,4,7
33,589,79,3,2,3,5207,12,1,15,3,15,14,5
40,898,38,3,4,4,16437,21,0,21,3,21,7,7
24,350,57,2,1,1,2296,14,3,2,3,1,1,0
40,1142,72,3,2,4,4069,18,0,8,3,2,2,2
45,538,66,3,3,2,7441,12,3,10,3,10,8,7
35,1402,98,2,1,3,2430,23,2,6,3,5,3,4
32,824,67,2,2,2,5878,12,1,12,3,7,1,2
36,1157,70,3,1,4,2644,21,0,7,2,3,2,1
48,492,96,3,2,3,6439,14,1,18,3,8,7,7
29,598,91,4,1,3,2451,18,2,5,2,1,0,0
33,1242,46,3,2,1,6392,13,1,8,1,2,2,2
30,740,64,2,2,1,9714,11,1,10,3,10,8,6
38,888,71,3,2,3,6077,11,0,10,3,6,3,1
35,992,68,2,1,1,2450,19,0,3,3,3,0,1
30,1288,33,3,3,2,9250,12,1,9,3,4,2,1
35,104,69,3,1,1,2074,12,1,1,3,1,0,0
53,607,78,2,3,4,10169,16,1,34,3,33,7,1
38,903,81,3,2,2,4855,11,2,7,3,5,2,1
32,1200,62,3,2,1,4087,14,1,9,2,6,5,1
48,1108,65,3,1,1,2367,12,1,10,2,8,2,7
34,479,35,3,1,4,2972,13,0,1,1,1,0,0
55,685,60,2,5,4,19586,21,1,36,3,36,6,2
34,1351,45,3,2,4,5484,17,1,9,2,2,2,2
26,474,89,3,1,4,2061,21,0,1,3,1,0,0
38,1245,80,3,2,2,9924,11,1,10,3,9,8,7
38,437,90,3,2,2,4198,12,0,8,4,3,2,1
36,884,73,3,2,3,6815,13,0,15,3,1,0,0
29,1370,87,3,1,1,4723,18,0,10,3,10,9,1
35,670,51,3,2,3,6142,16,0,10,3,5,2,0
39,1462,38,4,3,3,8237,11,1,11,3,7,6,7
29,995,87,3,2,4,8853,19,1,6,4,6,4,1
50,264,59,3,5,3,19331,16,1,27,3,1,0,0
23,977,45,4,1,3,2073,16,1,4,3,2,2,2
36,1302,80,4,2,1,5562,13,1,9,3,3,2,0
42,1059,93,2,5,4,19613,22,0,24,3,1,0,0
35,750,46,4,2,3,3407,17,2,10,2,10,9,6
34,653,92,2,2,3,5063,14,1,8,2,8,2,7
40,118,84,3,2,1,4639,15,1,5,3,5,4,1
43,990,87,4,1,2,4876,12,1,8,3,6,4,0
35,1349,63,2,1,4,2690,18,1,1,2,1,0,0
46,563,56,4,4,1,17567,15,0,27,1,26,0,0
28,329,51,3,1,2,2408,17,3,1,3,1,1,0
22,457,85,2,1,3,2814,14,0,4,2,4,2,1
50,1234,41,3,4,3,11245,15,1,32,3,30,8,12
32,634,35,4,1,4,3312,17,2,6,3,3,2,0
44,1313,31,3,5,4,19049,14,1,23,2,22,7,1
30,241,48,2,1,2,2141,12,1,6,2,6,4,1
45,1015,50,1,2,1,5769,14,0,10,3,10,7,1
45,336,52,2,2,1,4385,15,1,10,3,10,7,4
31,715,54,3,2,1,5332,13,0,10,3,5,2,0
36,559,76,3,2,3,4663,12,2,7,3,3,2,1
34,426,42,4,2,4,4724,13,1,9,3,9,7,7
49,722,84,3,1,1,3211,14,1,10,2,9,6,1
39,1387,76,3,2,1,5377,13,3,10,3,7,7,7
27,1302,67,2,1,1,4066,11,2,7,3,7,7,0
35,819,48,4,2,1,5208,11,0,16,3,16,15,1
28,580,39,1,2,1,4877,21,1,6,2,5,3,0
21,546,97,3,1,4,3117,18,0,3,3,2,2,2
18,544,70,3,1,4,1569,12,0,0,4,0,0,0
47,1176,98,3,5,3,19658,11,1,27,3,5,2,1
39,170,76,2,2,3,3069,15,1,11,3,10,8,0
40,884,80,2,3,3,10435,13,2,18,3,18,15,14
35,208,52,3,2,3,4148,12,1,15,3,14,11,2
37,671,85,3,2,3,5768,17,3,9,2,4,3,0
39,711,81,3,2,3,5042,13,0,10,1,9,2,3
45,1329,59,2,2,4,5770,19,2,10,3,10,7,3
38,397,54,2,3,3,7756,19,1,10,4,5,4,0
35,737,55,2,3,1,10306,17,0,15,3,13,12,6
37,1470,71,3,1,2,3936,11,1,8,1,8,4,7
40,448,84,3,3,4,7945,15,0,18,2,4,2,3
44,602,37,3,2,4,5743,11,0,14,3,10,7,0
48,365,89,2,4,4,15202,25,1,23,3,2,2,2
35,763,59,1,2,4,5440,14,2,7,2,2,2,2
24,567,32,3,1,4,3760,13,0,6,3,6,3,1
27,486,86,4,1,3,3517,17,0,5,3,3,2,0
27,591,87,3,1,4,2580,13,0,6,2,4,2,1
40,1329,73,3,1,1,2166,14,0,10,1,4,2,0
29,469,42,2,2,3,5869,11,0,8,3,5,2,1
36,711,42,3,3,1,8008,12,2,9,3,3,2,0
25,772,77,4,2,3,5206,17,2,7,3,7,7,0
39,492,66,3,2,2,5295,21,0,7,3,5,4,1
49,301,72,3,4,2,16413,16,2,27,3,4,2,1
50,813,50,2,3,1,13269,15,3,19,3,14,11,1
20,1141,31,3,1,3,2783,19,0,2,3,2,2,2
34,1130,66,3,2,2,5433,12,1,11,3,11,8,7
36,311,77,3,1,2,2013,11,0,15,3,4,3,1
49,465,41,2,4,3,13966,19,1,30,3,15,11,2
36,894,33,2,2,3,4374,15,0,4,3,3,2,1
36,1040,79,4,2,1,6842,20,1,13,3,5,4,0
54,584,91,3,4,3,17426,25,1,36,3,10,8,4
43,1291,65,2,4,3,17603,24,1,14,3,14,10,6
35,880,36,3,2,4,4581,24,0,13,4,11,9,6
38,1189,90,3,2,4,4735,15,2,19,4,13,11,2
29,991,43,2,2,2,4187,13,1,10,2,10,0,0
33,392,93,3,2,4,5505,14,2,6,3,6,2,0
32,977,45,3,2,2,5470,13,2,10,2,9,5,1
31,1112,67,3,2,4,5476,11,2,10,3,10,0,0
49,464,74,3,1,1,2587,16,1,17,2,2,2,2
38,148,42,2,1,2,2440,22,0,4,3,4,3,3
47,1225,47,4,4,2,15972,14,3,29,3,3,2,1
49,809,36,3,4,3,15379,14,0,23,3,8,7,0
41,1206,80,3,3,3,7082,16,0,21,3,2,0,0
20,727,54,3,1,1,2728,11,0,2,3,2,2,0
33,530,36,3,2,4,5368,25,1,7,3,6,5,1
36,1351,80,3,2,3,5347,14,2,10,2,3,2,0
44,528,44,3,1,4,3195,18,3,8,3,2,2,2
23,1320,93,2,1,3,3989,11,0,5,3,5,4,1
38,1495,87,3,1,3,3306,19,1,7,2,0,0,0
53,1395,48,4,3,4,7005,15,0,11,3,4,3,1
48,708,95,3,1,3,2655,11,2,19,3,9,7,7
32,1259,95,3,1,2,1393,12,0,1,3,1,0,0
26,786,76,3,1,4,2570,20,0,7,3,7,7,5
55,1441,94,2,1,2,3537,12,1,8,3,4,2,1
34,1157,57,2,2,4,3986,14,1,15,4,15,10,4
60,370,92,1,3,4,10883,20,1,19,4,1,0,0
33,267,79,4,1,2,2028,18,3,14,3,14,11,2
37,1278,31,1,2,4,9525,14,2,6,2,6,3,1
34,678,35,2,1,4,2929,12,0,10,3,10,9,8
23,427,99,3,1,4,2275,21,1,3,3,3,2,0
44,921,96,4,3,4,7879,19,1,9,3,8,7,6
35,146,79,2,1,4,4930,14,0,6,4,5,4,1
43,1179,73,3,2,4,7847,17,1,10,3,10,9,8
24,581,62,4,1,3,4401,16,1,5,3,5,3,0
41,918,35,3,3,3,9241,12,0,10,3,10,8,8
29,1082,43,3,1,3,2974,17,1,9,3,5,3,1
36,530,51,3,2,4,4502,15,0,17,2,13,7,6
45,1238,74,2,3,3,10748,23,1,25,2,23,15,14
24,240,58,1,1,3,1555,11,1,1,3,1,0,0
47,1093,82,1,4,3,12936,11,0,25,1,23,5,14
26,390,62,1,1,3,2305,15,3,3,4,3,2,0
45,1005,48,2,4,2,16704,11,0,21,3,21,6,8
32,585,56,3,1,3,3433,13,1,10,2,5,2,1
31,741,69,3,1,3,3477,14,1,6,4,5,2,0
41,552,60,1,2,2,6430,19,1,10,3,3,2,1
40,369,92,3,2,1,6516,16,1,18,3,1,0,0
24,506,91,3,1,1,3907,13,3,6,4,6,2,1
46,717,34,3,2,2,5562,14,0,19,3,10,7,0
35,1370,49,3,2,3,6883,16,1,17,3,7,7,0
30,793,33,3,1,4,2862,12,1,10,2,10,0,0
47,543,87,3,2,2,4978,11,1,4,1,1,0,0
46,1277,74,3,3,4,10368,12,1,13,2,10,6,0
36,1456,96,2,2,1,6134,13,3,16,3,2,2,2
32,964,34,1,2,2,6735,15,0,10,3,0,0,0
23,160,51,3,1,2,3295,13,0,3,1,3,2,1
31,163,30,3,2,4,5238,20,0,9,2,5,4,1
39,792,77,3,2,4,6472,15,1,9,3,9,8,5
32,371,80,1,3,3,9610,13,1,10,1,4,3,0
40,611,88,3,5,2,19833,14,0,21,2,21,8,12
45,176,56,1,3,3,9756,21,2,9,4,5,0,0
30,1312,78,2,1,1,4968,16,0,10,3,9,7,0
24,897,59,3,1,4,2145,14,1,3,3,2,2,2
30,600,66,2,1,4,2180,11,1,6,2,4,2,1
31,1003,51,3,2,3,8346,19,1,6,3,5,2,0
27,1054,67,3,1,4,3445,11,0,6,2,6,2,1
29,428,52,1,1,2,2760,13,0,2,3,2,2,2
29,461,70,4,2,3,6294,12,0,10,4,3,2,0
30,979,94,2,3,1,7140,11,1,12,3,7,7,1
34,181,97,4,1,4,2932,14,3,6,3,5,0,1
33,1283,62,3,2,2,5147,15,0,13,2,11,7,1
49,1313,80,3,2,4,4507,12,0,8,4,5,1,0
33,211,74,3,3,1,8564,20,0,11,2,0,0,0
38,594,75,2,1,2,2468,14,1,9,2,6,1,0
31,1079,70,3,3,3,8161,13,3,10,3,1,0,0
29,590,91,2,1,1,2109,13,1,1,3,1,0,0
30,305,58,4,2,3,5294,16,1,10,3,7,0,1
32,953,65,3,1,2,2718,14,0,12,3,7,7,0
38,833,60,1,2,4,5811,16,1,15,3,1,0,1
43,807,38,2,1,3,2437,16,1,6,3,1,0,0
42,855,57,3,1,2,2766,22,3,7,2,5,3,0
55,478,60,2,5,1,19038,12,3,34,3,1,0,0
33,775,90,3,2,2,3055,15,2,11,2,9,8,1
41,548,94,3,1,1,2289,20,2,5,3,5,3,0
34,1375,87,3,2,3,4001,14,1,15,3,15,14,0
53,661,60,2,4,3,12965,20,3,27,2,3,2,0
43,244,97,3,1,4,3539,13,0,10,3,9,7,1
34,511,32,1,2,4,6029,12,0,6,3,2,2,2
21,337,31,3,1,2,2679,13,0,1,3,1,0,1
38,1153,40,2,1,3,3702,11,1,5,3,5,4,0
22,1294,79,3,1,1,2398,17,0,1,3,1,0,0
31,196,91,2,2,4,5468,14,2,13,3,12,7,5
51,942,53,3,3,3,13116,11,0,15,3,2,2,2
37,589,46,2,2,2,4189,14,2,5,3,5,2,0
46,734,46,3,5,4,19328,17,1,24,3,2,1,2
36,1383,90,3,3,1,8321,13,1,15,3,12,8,5
44,429,99,3,1,2,2342,12,3,6,2,5,3,2
37,1239,89,3,2,2,4071,13,0,19,2,10,0,4
35,303,84,3,2,4,5813,18,0,10,3,10,7,7
33,867,90,4,1,1,3143,19,1,14,3,10,8,7
28,1181,82,3,1,4,2044,11,1,5,4,5,3,0
39,1253,65,3,3,3,13464,21,0,9,3,4,3,2
46,849,98,2,2,2,7991,15,0,6,3,2,2,2
40,616,99,3,1,1,3377,17,1,7,2,4,3,0
42,1128,95,4,2,1,5538,18,2,10,2,0,0,0
35,1180,90,3,2,4,5762,14,1,15,3,7,7,1
38,1336,100,3,1,2,2592,13,3,13,3,11,10,3
34,234,93,3,2,1,5346,17,1,11,2,7,1,0
37,370,58,3,2,1,4213,15,0,10,1,10,3,0
39,766,83,3,2,4,4127,18,1,7,3,2,1,2
43,343,52,3,1,3,2438,13,0,7,2,3,2,1
41,447,85,4,2,2,6870,12,0,11,1,3,2,1
41,796,81,3,3,3,10447,13,1,23,4,22,14,13
30,1092,64,3,3,3,9667,14,0,9,3,7,7,0
26,920,69,3,1,2,2148,11,0,6,3,5,1,1
46,261,66,3,2,2,8926,22,1,13,4,9,7,3
40,1194,52,3,2,4,6513,17,1,12,3,5,3,0
34,810,92,4,2,3,6799,21,2,10,3,10,8,4
58,350,52,3,4,2,16291,22,1,37,2,16,9,14
35,185,91,1,1,3,2705,16,1,6,4,5,4,0
47,1001,92,2,3,2,10333,12,1,28,3,22,11,14
40,750,47,3,2,1,4448,12,1,15,3,7,4,7
54,431,68,3,2,4,6854,15,1,14,2,7,1,1
31,1125,68,3,3,1,9637,14,2,9,3,3,2,2
28,1217,67,3,1,1,3591,25,1,3,3,3,2,1
38,723,77,1,2,4,5405,20,2,20,2,4,2,0
26,572,46,3,2,4,4684,13,0,5,3,5,3,1
58,1216,87,3,4,3,15787,14,0,23,3,2,2,2
18,1431,33,3,1,3,1514,16,0,0,1,0,0,0
31,359,89,4,1,1,2956,17,0,2,3,1,0,0
29,350,56,2,1,1,2335,15,3,4,3,2,2,2
45,589,67,3,2,3,5154,22,2,10,4,8,7,5
36,430,73,3,2,2,6962,22,1,15,3,1,0,0
43,1422,92,3,2,4,5675,20,1,7,3,7,7,7
27,1297,53,3,1,4,2379,14,0,6,2,5,4,0
29,574,40,3,1,4,3812,13,0,11,4,11,8,3
32,1318,79,3,2,4,4648,13,0,4,4,0,0,0
42,355,38,3,1,3,2936,22,2,10,2,6,3,3
47,207,64,3,1,3,2105,12,0,7,3,2,2,2
46,706,82,3,3,4,8578,14,1,12,2,9,8,4
28,280,43,3,1,4,2706,15,1,3,3,3,2,2
29,726,93,1,2,3,6384,17,2,11,3,7,0,1
42,1142,81,3,1,3,3968,13,0,8,3,0,0,0
32,414,82,2,2,2,9907,12,0,7,2,2,2,2
46,1319,45,4,4,1,13225,12,1,25,3,19,17,2
27,728,36,2,2,3,3540,21,1,9,3,9,8,5
29,352,87,2,1,2,2804,11,0,1,3,1,0,0
43,823,81,2,5,3,19392,13,0,21,3,16,12,6
48,1224,91,2,5,2,19665,12,0,29,3,22,10,12
29,459,73,2,1,4,2439,24,0,1,2,1,0,1
46,1254,64,3,3,2,7314,21,3,14,3,8,7,0
27,1131,77,2,1,1,4774,19,1,8,2,7,6,7
39,835,41,3,2,4,3902,14,3,7,3,2,2,2
55,836,98,2,1,4,2662,20,1,19,4,5,2,0
28,1172,78,3,1,2,2856,19,1,1,3,1,0,0
30,945,89,3,1,4,1081,13,0,1,2,1,0,0
22,391,75,3,1,2,2472,23,0,1,3,1,0,0
36,1266,63,2,2,3,5673,13,1,10,3,10,9,1
31,311,89,3,2,3,4197,11,1,10,3,10,8,0
34,1480,64,3,3,4,9713,13,3,9,3,5,3,1
29,592,59,3,1,1,2062,14,0,11,3,3,2,1
37,783,78,3,2,1,4284,22,1,16,3,5,3,0
35,219,44,2,2,2,4788,11,0,4,3,3,2,0
45,556,93,2,2,4,5906,13,2,10,2,9,8,3
36,1213,94,2,2,4,3886,21,0,10,2,10,1,0
40,1137,98,3,4,1,16823,11,1,22,3,19,7,11
26,482,90,2,1,3,2933,13,1,1,2,1,0,1
27,511,89,4,2,3,6500,14,0,9,2,8,7,0
48,117,58,3,4,4,17174,11,1,24,3,22,17,4
44,170,78,4,2,1,5033,15,1,10,3,2,0,2
34,967,85,1,1,1,2307,23,1,5,3,5,2,3
56,1162,97,3,1,4,2587,16,0,5,3,4,2,1
36,335,33,2,2,2,5507,16,2,12,1,4,2,1
41,337,54,3,2,2,4393,21,1,14,3,5,4,1
42,1396,83,3,3,1,13348,13,1,18,4,13,7,5
31,1079,86,3,2,4,6583,11,1,8,3,5,2,1
34,735,75,2,2,4,8103,12,0,9,2,4,2,0
31,471,62,4,1,3,3978,12,1,4,2,2,2,2
26,1096,61,4,1,4,2544,18,1,8,3,7,7,7
45,1297,44,3,2,3,5399,12,0,12,3,4,2,0
33,217,43,3,2,3,5487,14,0,10,2,10,4,0
28,783,42,2,2,4,6834,12,1,7,3,7,7,0
29,746,45,4,1,1,1091,17,0,1,3,1,0,0
39,1251,32,1,2,3,5736,19,1,10,3,3,2,1
27,1354,41,3,1,2,2226,11,1,6,2,5,3,1
34,735,86,2,2,4,5747,15,0,16,3,15,10,6
28,1475,84,3,2,3,9854,11,0,6,3,2,0,2
47,1169,64,3,2,2,5467,18,1,16,4,8,7,1
56,1443,89,2,2,1,5380,16,1,6,3,0,0,0
39,867,87,3,2,1,5151,25,1,10,3,10,0,7
38,1394,58,2,2,2,2133,16,1,20,3,20,11,0
58,605,72,3,4,4,17875,13,1,29,2,1,0,0
32,238,47,4,1,3,2432,14,0,8,3,4,1,0
38,1206,71,3,1,4,4771,19,2,10,4,5,2,0
49,1064,42,3,5,4,19161,15,0,28,3,5,4,4
42,419,77,3,2,4,5087,12,2,14,3,0,0,0
27,1337,58,2,1,2,2863,12,0,1,3,1,0,0
35,682,71,3,2,1,5561,16,1,6,1,5,3,0
28,1103,49,3,1,3,2144,14,0,5,2,5,3,1
31,976,48,3,1,1,3065,13,1,4,4,4,2,2
36,1351,66,4,1,2,2810,22,0,5,3,5,4,0
34,937,32,3,3,4,9888,21,0,14,2,14,8,2
34,1239,39,3,3,3,8628,18,1,9,2,8,7,1
26,157,95,3,1,1,2867,13,0,8,2,7,7,7
29,136,89,3,2,1,5373,12,1,6,2,5,3,0
32,1146,34,3,2,4,6667,18,1,9,3,5,1,1
31,1125,48,1,2,1,5003,21,0,10,3,10,8,8
28,1404,32,2,1,4,2367,12,1,6,2,4,1,0
38,1404,59,2,1,1,2858,14,0,20,2,1,0,0
35,1224,55,3,2,4,5204,11,0,10,3,10,8,0
27,954,44,3,2,4,4105,14,0,7,3,7,7,0
32,1373,56,2,2,4,9679,24,0,8,3,1,0,0
31,754,63,3,2,4,5617,11,0,10,3,10,7,0
53,1168,66,3,3,1,10448,13,0,15,2,2,2,2
54,155,67,3,2,3,2897,11,2,9,2,4,3,2
33,1303,36,3,2,3,5968,20,3,9,3,9,7,2
43,574,30,3,3,3,7510,17,1,10,3,10,9,0
38,1444,88,3,1,2,2991,11,1,7,3,6,2,1
55,189,71,4,5,2,19636,18,1,35,3,10,9,1
31,1276,59,1,1,4,1129,11,3,1,3,1,0,0
39,119,77,3,4,1,13341,12,0,21,3,20,8,11
42,335,37,2,2,3,4332,12,0,20,3,20,9,3
31,697,40,3,3,3,11031,20,1,13,4,11,7,4
54,157,77,3,2,1,4440,19,0,9,3,5,2,1
24,771,45,2,2,3,4617,12,0,4,2,4,3,1
23,571,78,3,1,4,2647,13,0,5,4,5,2,1
40,692,73,3,2,3,6323,11,1,10,4,10,9,9
40,444,92,3,2,2,5677,14,1,15,3,11,8,5
25,309,82,3,1,2,2187,14,0,6,3,2,0,1
30,911,76,3,1,2,3748,13,0,12,2,12,8,1
25,977,57,3,1,3,3977,19,1,7,2,2,2,0
47,1180,84,3,3,3,8633,23,0,25,3,17,14,12
33,1313,59,2,1,3,2008,12,3,1,2,1,1,0
38,1321,86,3,2,2,4440,15,2,16,3,15,13,5
31,1154,54,3,1,3,3067,19,1,3,3,2,2,1
38,508,72,2,2,3,5321,11,1,10,3,8,3,7
42,557,35,3,2,1,5410,17,1,9,2,4,3,1
41,642,76,3,1,4,2782,22,1,12,3,5,3,1
47,1162,98,3,3,2,11957,18,2,14,1,13,8,5
35,1490,43,3,1,3,2660,11,1,5,3,2,2,2
22,581,63,3,1,3,3375,12,0,4,4,3,2,1
35,1395,48,3,2,3,5098,19,0,10,3,10,7,0
33,501,95,3,2,4,4878,13,1,10,3,9,7,8
32,267,49,2,1,2,2837,13,0,6,3,6,2,4
40,543,83,3,1,4,2406,19,2,8,2,1,0,0
32,234,68,2,1,2,2269,14,1,3,3,2,2,2
39,116,52,3,2,4,4108,13,0,18,3,7,7,1
38,201,99,1,3,3,13206,12,1,20,3,18,16,1
32,801,48,3,3,4,10422,19,2,14,3,14,10,5
37,161,42,4,3,4,13744,25,1,16,3,16,11,6
25,1382,85,3,2,3,4907,22,1,6,2,5,3,0
52,585,40,3,1,4,3482,15,2,16,2,9,8,0
44,1037,42,3,1,4,2436,12,0,6,3,4,3,1
21,501,58,3,1,1,2380,11,0,2,3,2,2,1
39,105,87,3,5,4,19431,13,0,21,2,6,0,1
23,638,33,3,1,1,1790,19,1,1,2,1,0,1
36,557,94,2,3,4,7644,19,2,10,3,9,7,3
36,688,97,3,2,2,5131,13,3,18,3,4,2,0
56,667,57,3,2,3,6306,21,1,13,2,13,12,1
29,1092,36,3,1,4,4787,14,3,4,4,2,2,2
42,300,56,3,5,3,18880,11,0,24,2,22,6,4
56,310,72,3,1,3,2339,11,1,14,1,10,9,9
41,582,60,2,4,2,13570,23,1,21,3,20,7,0
34,704,95,2,2,3,6712,21,2,8,3,8,7,1
36,301,88,1,2,4,5406,24,1,15,2,15,12,11
41,930,57,2,2,2,8938,11,1,14,3,5,4,0
32,529,78,3,1,1,2439,14,0,4,3,4,2,1
35,1146,31,3,3,4,8837,16,0,9,3,9,0,1
38,345,100,3,2,4,5343,11,1,10,3,10,7,1
50,878,94,3,2,3,6728,12,2,12,3,6,3,0
36,1120,100,2,2,4,6652,13,1,8,2,6,3,0
45,374,50,3,2,3,4850,15,0,8,3,5,3,0
40,1322,52,2,1,3,2809,14,0,8,3,2,2,2
35,1199,80,3,2,3,5689,14,2,10,4,10,2,0
40,1194,98,3,1,3,2001,14,3,20,3,5,3,0
35,287,62,1,1,4,2977,12,1,4,3,4,3,1
29,1378,46,2,2,2,4025,13,1,10,3,4,3,0
29,468,73,2,1,1,3785,14,0,5,1,5,4,0
50,410,39,2,3,1,10854,13,1,20,3,3,2,2
39,722,60,2,4,4,12031,11,1,21,2,20,9,9
31,325,74,3,2,1,9936,19,0,10,3,9,4,1
26,1167,30,2,1,3,2966,18,0,5,3,4,2,0
36,884,41,4,2,4,2571,17,1,17,3,5,2,0
39,613,42,2,3,1,9991,15,1,9,3,7,7,1
27,155,87,4,2,2,6142,20,1,6,3,6,2,0
49,1023,63,2,2,2,5390,14,0,17,2,9,6,0
34,628,82,4,2,3,4404,12,0,6,4,4,3,1
